Spiro2_00010	RDB35641.1
Spiro2_00015	RDB35640.1
Spiro2_00020	RDB35639.1
Spiro2_00025	RDB35638.1
Spiro2_00030	RDB35637.1
Spiro2_00035	RDB35636.1
Spiro2_00040	RDB35635.1
Spiro2_00045	RDB35634.1
Spiro2_00050	RDB35633.1
Spiro2_00055	RDB35632.1
Spiro2_00060	RDB35631.1
Spiro2_00065	RDB35630.1
Spiro2_00070	RDB35629.1
Spiro2_00075	RDB35628.1
Spiro2_00085	RDB35627.1
Spiro2_00090	RDB35626.1
Spiro2_00100	RDB35625.1
Spiro2_00105	RDB35624.1
Spiro2_00110	RDB35623.1
Spiro2_00115	RDB35248.1
Spiro2_00120	RDB35247.1
Spiro2_00125	RDB35246.1
Spiro2_00130	RDB35251.1
Spiro2_00135	RDB35245.1
Spiro2_00140	RDB35244.1
Spiro2_00145	RDB35243.1
Spiro2_00150	RDB35242.1
Spiro2_00160	RDB35241.1
Spiro2_00165	RDB35240.1
Spiro2_00180	RDB35250.1
Spiro2_00185	RDB35239.1
Spiro2_00190	RDB35238.1
Spiro2_00195	RDB35237.1
Spiro2_00200	RDB35236.1
Spiro2_00210	RDB36721.1
Spiro2_00215	RDB36720.1
Spiro2_00220	RDB36719.1
Spiro2_00225	RDB37290.1
Spiro2_00230	RDB37291.1
Spiro2_00235	RDB37292.1
Spiro2_00240	RDB37293.1
Spiro2_00245	RDB37294.1
Spiro2_00250	RDB37295.1
Spiro2_00255	RDB37296.1
Spiro2_00260	RDB37297.1
Spiro2_00265	RDB37298.1
Spiro2_00270	RDB37299.1
Spiro2_00275	RDB37300.1
Spiro2_00280	RDB37301.1
Spiro2_00285	RDB37302.1
Spiro2_00290	RDB37303.1
Spiro2_00295	RDB37304.1
Spiro2_00300	RDB37305.1
Spiro2_00305	RDB37306.1
Spiro2_00310	RDB37307.1
Spiro2_00315	RDB37308.1
Spiro2_00320	RDB37309.1
Spiro2_00325	RDB37310.1
Spiro2_00330	RDB37311.1
Spiro2_00335	RDB37312.1
Spiro2_00340	RDB37313.1
Spiro2_00345	RDB37314.1
Spiro2_00350	RDB37315.1
Spiro2_00355	RDB37316.1
Spiro2_00360	RDB37317.1
Spiro2_00365	RDB37318.1
Spiro2_00370	RDB37319.1
Spiro2_00375	RDB37320.1
Spiro2_00380	RDB37321.1
Spiro2_00385	RDB37322.1
Spiro2_00390	RDB37323.1
Spiro2_00395	RDB37324.1
Spiro2_00400	RDB37325.1
Spiro2_00405	RDB37326.1
Spiro2_00410	RDB37327.1
Spiro2_00415	RDB37328.1
Spiro2_00425	RDB37329.1
Spiro2_00430	RDB37330.1
Spiro2_00435	RDB37331.1
Spiro2_00440	RDB37332.1
Spiro2_00445	RDB37333.1
Spiro2_00450	RDB37334.1
Spiro2_00455	RDB37335.1
Spiro2_00460	RDB37336.1
Spiro2_00470	RDB37338.1
Spiro2_00475	RDB37339.1
Spiro2_00480	RDB37340.1
Spiro2_00485	RDB37341.1
Spiro2_00490	RDB35465.1
Spiro2_00500	RDB35464.1
Spiro2_00505	RDB35467.1
Spiro2_00510	RDB35463.1
Spiro2_00515	RDB35462.1
Spiro2_00520	RDB35461.1
Spiro2_00525	RDB35460.1
Spiro2_00530	RDB35459.1
Spiro2_00535	RDB35458.1
Spiro2_00540	RDB35457.1
Spiro2_00545	RDB35456.1
Spiro2_00550	RDB35455.1
Spiro2_00555	RDB35454.1
Spiro2_00560	RDB35453.1
Spiro2_00565	RDB35452.1
Spiro2_00570	RDB35451.1
Spiro2_00575	RDB35450.1
Spiro2_00580	RDB35449.1
Spiro2_00585	RDB35448.1
Spiro2_00590	RDB35447.1
Spiro2_00595	RDB35446.1
Spiro2_00600	RDB35445.1
Spiro2_00605	RDB35444.1
Spiro2_00610	RDB35443.1
Spiro2_00615	RDB35442.1
Spiro2_00620	RDB35441.1
Spiro2_00625	RDB35440.1
Spiro2_00630	RDB35439.1
Spiro2_00635	RDB35438.1
Spiro2_00640	RDB35437.1
Spiro2_00645	RDB35436.1
Spiro2_00650	RDB35435.1
Spiro2_00655	RDB36817.1
Spiro2_00670	RDB36816.1
Spiro2_00675	RDB36815.1
Spiro2_00680	RDB36814.1
Spiro2_00685	RDB36813.1
Spiro2_00690	RDB36819.1
Spiro2_00695	RDB36812.1
Spiro2_00700	RDB36811.1
Spiro2_00705	RDB36810.1
Spiro2_00710	RDB36809.1
Spiro2_00715	RDB36808.1
Spiro2_00720	RDB36807.1
Spiro2_00725	RDB36806.1
Spiro2_00740	RDB36688.1
Spiro2_00745	RDB36687.1
Spiro2_00760	RDB37287.1
Spiro2_00765	RDB37286.1
Spiro2_00770	RDB37285.1
Spiro2_00775	RDB37284.1
Spiro2_00780	RDB37283.1
Spiro2_00785	RDB37282.1
Spiro2_00790	RDB37281.1
Spiro2_00795	RDB37280.1
Spiro2_00800	RDB37279.1
Spiro2_00805	RDB37278.1
Spiro2_00810	RDB37277.1
Spiro2_00815	RDB37276.1
Spiro2_00820	RDB37275.1
Spiro2_00830	RDB37274.1
Spiro2_00835	RDB37273.1
Spiro2_00840	RDB37272.1
Spiro2_00845	RDB37271.1
Spiro2_00850	RDB37270.1
Spiro2_00855	RDB37269.1
Spiro2_00860	RDB37268.1
Spiro2_00865	RDB37267.1
Spiro2_00870	RDB37266.1
Spiro2_00875	RDB37265.1
Spiro2_00880	RDB37264.1
Spiro2_00885	RDB37263.1
Spiro2_00890	RDB37262.1
Spiro2_00895	RDB37261.1
Spiro2_00900	RDB37260.1
Spiro2_00905	RDB37259.1
Spiro2_00910	RDB37258.1
Spiro2_00915	RDB37257.1
Spiro2_00925	RDB37289.1
Spiro2_00935	RDB37256.1
Spiro2_00940	RDB37255.1
Spiro2_00955	RDB37086.1
Spiro2_00960	RDB37087.1
Spiro2_00975	RDB37088.1
Spiro2_00980	RDB37089.1
Spiro2_00985	RDB37090.1
Spiro2_01000	RDB37091.1
Spiro2_01005	RDB37092.1
Spiro2_01010	RDB37093.1
Spiro2_01015	RDB37094.1
Spiro2_01020	RDB37095.1
Spiro2_01025	RDB37096.1
Spiro2_01030	RDB37097.1
Spiro2_01035	RDB37098.1
Spiro2_01045	RDB37099.1
Spiro2_01055	RDB37100.1
Spiro2_01060	RDB37101.1
Spiro2_01065	RDB37102.1
Spiro2_01075	RDB37129.1
Spiro2_01080	RDB37130.1
Spiro2_01085	RDB37131.1
Spiro2_01090	RDB37132.1
Spiro2_01095	RDB37133.1
Spiro2_01100	RDB37134.1
Spiro2_01110	RDB37135.1
Spiro2_01120	RDB37136.1
Spiro2_01125	RDB37137.1
Spiro2_01130	RDB37138.1
Spiro2_01135	RDB37139.1
Spiro2_01140	RDB37140.1
Spiro2_01145	RDB37141.1
Spiro2_01150	RDB37142.1
Spiro2_01160	RDB37143.1
Spiro2_01165	RDB37144.1
Spiro2_01170	RDB37145.1
Spiro2_01175	RDB37146.1
Spiro2_01180	RDB37011.1
Spiro2_01185	RDB37010.1
Spiro2_01190	RDB37009.1
Spiro2_01195	RDB37008.1
Spiro2_01200	RDB37007.1
Spiro2_01205	RDB37006.1
Spiro2_01210	RDB37004.1
Spiro2_01215	RDB37003.1
Spiro2_01220	RDB37002.1
Spiro2_01225	RDB37001.1
Spiro2_01230	RDB37000.1
Spiro2_01235	RDB36999.1
Spiro2_01240	RDB36998.1
Spiro2_01250	RDB36997.1
Spiro2_01255	RDB36996.1
Spiro2_01260	RDB36995.1
Spiro2_01265	RDB36994.1
Spiro2_01270	RDB36993.1
Spiro2_01275	RDB36992.1
Spiro2_01295	RDB36686.1
Spiro2_01300	RDB36685.1
Spiro2_01305	RDB36864.1
Spiro2_01310	RDB36865.1
Spiro2_01315	RDB36866.1
Spiro2_01320	RDB36867.1
Spiro2_01325	RDB36868.1
Spiro2_01330	RDB36869.1
Spiro2_01335	RDB36870.1
Spiro2_01340	RDB36871.1
Spiro2_01345	RDB36877.1
Spiro2_01350	RDB36872.1
Spiro2_01355	RDB36873.1
Spiro2_01360	RDB36874.1
Spiro2_01365	RDB36875.1
Spiro2_01395	RDB35104.1
Spiro2_01400	RDB35103.1
Spiro2_01405	RDB35102.1
Spiro2_01410	RDB35101.1
Spiro2_01430	RDB36957.1
Spiro2_01435	RDB36958.1
Spiro2_01440	RDB36959.1
Spiro2_01445	RDB36960.1
Spiro2_01450	RDB36961.1
Spiro2_01455	RDB36962.1
Spiro2_01460	RDB36963.1
Spiro2_01465	RDB36964.1
Spiro2_01475	RDB36965.1
Spiro2_01480	RDB36966.1
Spiro2_01485	RDB36967.1
Spiro2_01490	RDB36968.1
Spiro2_01495	RDB36969.1
Spiro2_01500	RDB36970.1
Spiro2_01505	RDB35038.1
Spiro2_01515	RDB35333.1
Spiro2_01520	RDB35332.1
Spiro2_01525	RDB35331.1
Spiro2_01530	RDB35330.1
Spiro2_01535	RDB35329.1
Spiro2_01540	RDB35328.1
Spiro2_01545	RDB35327.1
Spiro2_01550	RDB35326.1
Spiro2_01555	RDB35325.1
Spiro2_01560	RDB35324.1
Spiro2_01565	RDB35323.1
Spiro2_01570	RDB35322.1
Spiro2_01575	RDB35321.1
Spiro2_01580	RDB35320.1
Spiro2_01585	RDB35319.1
Spiro2_01590	RDB35318.1
Spiro2_01595	RDB35317.1
Spiro2_01600	RDB35316.1
Spiro2_01605	RDB35315.1
Spiro2_01610	RDB35314.1
Spiro2_01615	RDB35313.1
Spiro2_01620	RDB35312.1
Spiro2_01625	RDB35311.1
Spiro2_01635	RDB35310.1
Spiro2_01640	RDB35309.1
Spiro2_01645	RDB35308.1
Spiro2_01650	RDB35307.1
Spiro2_01675	RDB37057.1
Spiro2_01680	RDB37058.1
Spiro2_01685	RDB37059.1
Spiro2_01690	RDB37060.1
Spiro2_01695	RDB37061.1
Spiro2_01700	RDB37062.1
Spiro2_01705	RDB37063.1
Spiro2_01710	RDB37081.1
Spiro2_01715	RDB37064.1
Spiro2_01720	RDB37065.1
Spiro2_01725	RDB37066.1
Spiro2_01730	RDB37067.1
Spiro2_01735	RDB37068.1
Spiro2_01740	RDB37069.1
Spiro2_01745	RDB37082.1
Spiro2_01750	RDB37070.1
Spiro2_01755	RDB37071.1
Spiro2_01760	RDB37072.1
Spiro2_01765	RDB37083.1
Spiro2_01770	RDB37073.1
Spiro2_01775	RDB37074.1
Spiro2_01780	RDB37075.1
Spiro2_01785	RDB37076.1
Spiro2_01790	RDB37077.1
Spiro2_01795	RDB37078.1
Spiro2_01800	RDB37079.1
Spiro2_01805	RDB37080.1
Spiro2_01820	RDB37214.1
Spiro2_01825	RDB37213.1
Spiro2_01830	RDB37212.1
Spiro2_01835	RDB37211.1
Spiro2_01840	RDB37210.1
Spiro2_01845	RDB37209.1
Spiro2_01850	RDB37208.1
Spiro2_01855	RDB37207.1
Spiro2_01860	RDB37206.1
Spiro2_01870	RDB37205.1
Spiro2_01880	RDB37204.1
Spiro2_01885	RDB37203.1
Spiro2_01890	RDB37202.1
Spiro2_01895	RDB37201.1
Spiro2_01900	RDB37200.1
Spiro2_01905	RDB37199.1
Spiro2_01910	RDB37198.1
Spiro2_01915	RDB37197.1
Spiro2_01920	RDB37196.1
Spiro2_01925	RDB37195.1
Spiro2_01930	RDB37194.1
Spiro2_01935	RDB37193.1
Spiro2_01940	RDB37192.1
Spiro2_01945	RDB37191.1
Spiro2_01950	RDB37190.1
Spiro2_01955	RDB37189.1
Spiro2_01960	RDB37188.1
Spiro2_01965	RDB37187.1
Spiro2_01970	RDB37186.1
Spiro2_01975	RDB37185.1
Spiro2_01980	RDB37184.1
Spiro2_01985	RDB37183.1
Spiro2_01990	RDB37182.1
Spiro2_01995	RDB37181.1
Spiro2_02025	RDB36956.1
Spiro2_02030	RDB36955.1
Spiro2_02035	RDB36954.1
Spiro2_02040	RDB36953.1
Spiro2_02045	RDB36952.1
Spiro2_02050	RDB36951.1
Spiro2_02055	RDB36950.1
Spiro2_02080	RDB36949.1
Spiro2_02085	RDB36948.1
Spiro2_02090	RDB36947.1
Spiro2_02095	RDB36946.1
Spiro2_02100	RDB36945.1
Spiro2_02105	RDB36944.1
Spiro2_02110	RDB36943.1
Spiro2_02115	RDB36942.1
Spiro2_02120	RDB36941.1
Spiro2_02125	RDB36940.1
Spiro2_02130	RDB36932.1
Spiro2_02135	RDB36931.1
Spiro2_02140	RDB36667.1
Spiro2_02145	RDB35357.1
Spiro2_02155	RDB35359.1
Spiro2_02160	RDB35360.1
Spiro2_02165	RDB35361.1
Spiro2_02170	RDB35362.1
Spiro2_02175	RDB35363.1
Spiro2_02180	RDB35364.1
Spiro2_02185	RDB35365.1
Spiro2_02190	RDB35366.1
Spiro2_02195	RDB35367.1
Spiro2_02200	RDB35368.1
Spiro2_02205	RDB35369.1
Spiro2_02210	RDB35370.1
Spiro2_02215	RDB35371.1
Spiro2_02220	RDB35372.1
Spiro2_02225	RDB35373.1
Spiro2_02230	RDB35374.1
Spiro2_02235	RDB35375.1
Spiro2_02240	RDB35376.1
Spiro2_02245	RDB35377.1
Spiro2_02250	RDB35378.1
Spiro2_02255	RDB35379.1
Spiro2_02260	RDB35380.1
Spiro2_02265	RDB35381.1
Spiro2_02270	RDB35382.1
Spiro2_02275	RDB35383.1
Spiro2_02280	RDB35384.1
Spiro2_02285	RDB35385.1
Spiro2_02290	RDB35386.1
Spiro2_02295	RDB35387.1
Spiro2_02300	RDB37013.1
Spiro2_02305	RDB37014.1
Spiro2_02310	RDB37015.1
Spiro2_02315	RDB37016.1
Spiro2_02320	RDB37017.1
Spiro2_02325	RDB37018.1
Spiro2_02330	RDB37019.1
Spiro2_02335	RDB37020.1
Spiro2_02340	RDB37021.1
Spiro2_02350	RDB35335.1
Spiro2_02355	RDB35336.1
Spiro2_02360	RDB35337.1
Spiro2_02375	RDB35338.1
Spiro2_02380	RDB35339.1
Spiro2_02385	RDB35340.1
Spiro2_02390	RDB35341.1
Spiro2_02395	RDB35342.1
Spiro2_02400	RDB35343.1
Spiro2_02405	RDB35344.1
Spiro2_02410	RDB35345.1
Spiro2_02415	RDB35346.1
Spiro2_02420	RDB35347.1
Spiro2_02425	RDB35348.1
Spiro2_02430	RDB35349.1
Spiro2_02440	RDB35351.1
Spiro2_02445	RDB35352.1
Spiro2_02455	RDB35353.1
Spiro2_02460	RDB35354.1
Spiro2_02465	RDB35355.1
Spiro2_02470	RDB35356.1
Spiro2_02475	RDB37104.1
Spiro2_02480	RDB37105.1
Spiro2_02485	RDB37106.1
Spiro2_02490	RDB37107.1
Spiro2_02495	RDB37108.1
Spiro2_02505	RDB37110.1
Spiro2_02510	RDB37111.1
Spiro2_02515	RDB37112.1
Spiro2_02520	RDB37113.1
Spiro2_02525	RDB37114.1
Spiro2_02530	RDB37115.1
Spiro2_02535	RDB37116.1
Spiro2_02540	RDB37117.1
Spiro2_02545	RDB37118.1
Spiro2_02555	RDB37120.1
Spiro2_02560	RDB37121.1
Spiro2_02565	RDB37122.1
Spiro2_02570	RDB37123.1
Spiro2_02575	RDB37124.1
Spiro2_02580	RDB37125.1
Spiro2_02585	RDB37126.1
Spiro2_02590	RDB37127.1
Spiro2_02595	RDB37128.1
Spiro2_02600	RDB36744.1
Spiro2_02605	RDB36745.1
Spiro2_02610	RDB36746.1
Spiro2_02615	RDB36747.1
Spiro2_02620	RDB36748.1
Spiro2_02625	RDB36749.1
Spiro2_02630	RDB36750.1
Spiro2_02635	RDB36751.1
Spiro2_02640	RDB36848.1
Spiro2_02645	RDB36847.1
Spiro2_02650	RDB36846.1
Spiro2_02655	RDB36845.1
Spiro2_02660	RDB36844.1
Spiro2_02665	RDB36843.1
Spiro2_02670	RDB36842.1
Spiro2_02675	RDB36841.1
Spiro2_02680	RDB36840.1
Spiro2_02685	RDB36839.1
Spiro2_02690	RDB36838.1
Spiro2_02695	RDB36837.1
Spiro2_02700	RDB36836.1
Spiro2_02705	RDB36835.1
Spiro2_02715	RDB36833.1
Spiro2_02720	RDB35196.1
Spiro2_02725	RDB35197.1
Spiro2_02730	RDB35198.1
Spiro2_02735	RDB35205.1
Spiro2_02740	RDB35199.1
Spiro2_02745	RDB35200.1
Spiro2_02750	RDB35201.1
Spiro2_02755	RDB35202.1
Spiro2_02760	RDB35203.1
Spiro2_02765	RDB35204.1
Spiro2_02770	RDB36265.1
Spiro2_02775	RDB36218.1
Spiro2_02780	RDB36219.1
Spiro2_02785	RDB36220.1
Spiro2_02790	RDB36221.1
Spiro2_02795	RDB36222.1
Spiro2_02800	RDB36223.1
Spiro2_02805	RDB36266.1
Spiro2_02810	RDB36224.1
Spiro2_02815	RDB36225.1
Spiro2_02820	RDB36226.1
Spiro2_02825	RDB36227.1
Spiro2_02830	RDB36228.1
Spiro2_02835	RDB36229.1
Spiro2_02850	RDB36230.1
Spiro2_02855	RDB36231.1
Spiro2_02860	RDB36232.1
Spiro2_02865	RDB36233.1
Spiro2_02870	RDB36234.1
Spiro2_02875	RDB36235.1
Spiro2_02880	RDB36236.1
Spiro2_02885	RDB36237.1
Spiro2_02895	RDB36238.1
Spiro2_02900	RDB36239.1
Spiro2_02905	RDB36240.1
Spiro2_02910	RDB36241.1
Spiro2_02915	RDB36242.1
Spiro2_02920	RDB36243.1
Spiro2_02925	RDB36244.1
Spiro2_02930	RDB36245.1
Spiro2_02935	RDB36246.1
Spiro2_02940	RDB36247.1
Spiro2_02950	RDB36248.1
Spiro2_02955	RDB36249.1
Spiro2_02960	RDB36250.1
Spiro2_02965	RDB36251.1
Spiro2_02970	RDB36252.1
Spiro2_02975	RDB36253.1
Spiro2_02980	RDB36254.1
Spiro2_02985	RDB36255.1
Spiro2_02990	RDB36256.1
Spiro2_03000	RDB36257.1
Spiro2_03005	RDB36258.1
Spiro2_03010	RDB36259.1
Spiro2_03015	RDB36260.1
Spiro2_03020	RDB36261.1
Spiro2_03025	RDB36262.1
Spiro2_03030	RDB36263.1
Spiro2_03035	RDB36264.1
Spiro2_03040	RDB36683.1
Spiro2_03045	RDB36682.1
Spiro2_03050	RDB35150.1
Spiro2_03055	RDB35149.1
Spiro2_03060	RDB35148.1
Spiro2_03065	RDB35147.1
Spiro2_03075	RDB35146.1
Spiro2_03080	RDB35145.1
Spiro2_03085	RDB35144.1
Spiro2_03090	RDB35143.1
Spiro2_03095	RDB35142.1
Spiro2_03100	RDB35141.1
Spiro2_03105	RDB35140.1
Spiro2_03110	RDB35139.1
Spiro2_03130	RDB35217.1
Spiro2_03135	RDB35216.1
Spiro2_03140	RDB35215.1
Spiro2_03145	RDB35214.1
Spiro2_03150	RDB35213.1
Spiro2_03155	RDB35212.1
Spiro2_03160	RDB35211.1
Spiro2_03165	RDB35210.1
Spiro2_03170	RDB35209.1
Spiro2_03175	RDB35208.1
Spiro2_03180	RDB35207.1
Spiro2_03185	RDB35206.1
Spiro2_03190	RDB36215.1
Spiro2_03195	RDB36217.1
Spiro2_03210	RDB36214.1
Spiro2_03215	RDB36213.1
Spiro2_03220	RDB36212.1
Spiro2_03225	RDB36211.1
Spiro2_03230	RDB36210.1
Spiro2_03235	RDB36209.1
Spiro2_03240	RDB36208.1
Spiro2_03245	RDB36207.1
Spiro2_03250	RDB36206.1
Spiro2_03255	RDB36205.1
Spiro2_03260	RDB36204.1
Spiro2_03265	RDB36203.1
Spiro2_03270	RDB36202.1
Spiro2_03275	RDB36201.1
Spiro2_03280	RDB36200.1
Spiro2_03285	RDB36199.1
Spiro2_03290	RDB36198.1
Spiro2_03295	RDB36197.1
Spiro2_03300	RDB36196.1
Spiro2_03305	RDB36195.1
Spiro2_03310	RDB36194.1
Spiro2_03315	RDB36193.1
Spiro2_03320	RDB36192.1
Spiro2_03325	RDB36191.1
Spiro2_03330	RDB36190.1
Spiro2_03335	RDB36189.1
Spiro2_03340	RDB36188.1
Spiro2_03345	RDB36187.1
Spiro2_03350	RDB36186.1
Spiro2_03355	RDB36185.1
Spiro2_03360	RDB36184.1
Spiro2_03365	RDB36183.1
Spiro2_03370	RDB36182.1
Spiro2_03375	RDB36181.1
Spiro2_03380	RDB36180.1
Spiro2_03385	RDB36179.1
Spiro2_03395	RDB36178.1
Spiro2_03400	RDB36177.1
Spiro2_03405	RDB36176.1
Spiro2_03410	RDB36175.1
Spiro2_03415	RDB36174.1
Spiro2_03420	RDB36173.1
Spiro2_03425	RDB36172.1
Spiro2_03430	RDB36171.1
Spiro2_03435	RDB36170.1
Spiro2_03440	RDB36169.1
Spiro2_03445	RDB36168.1
Spiro2_03450	RDB36586.1
Spiro2_03455	RDB36585.1
Spiro2_03460	RDB36584.1
Spiro2_03475	RDB36582.1
Spiro2_03480	RDB36581.1
Spiro2_03485	RDB36580.1
Spiro2_03495	RDB36579.1
Spiro2_03500	RDB36578.1
Spiro2_03505	RDB36577.1
Spiro2_03510	RDB36576.1
Spiro2_03515	RDB36575.1
Spiro2_03520	RDB36574.1
Spiro2_03525	RDB36573.1
Spiro2_03530	RDB36572.1
Spiro2_03535	RDB36571.1
Spiro2_03540	RDB36570.1
Spiro2_03550	RDB36569.1
Spiro2_03555	RDB36568.1
Spiro2_03560	RDB36567.1
Spiro2_03565	RDB36566.1
Spiro2_03570	RDB36565.1
Spiro2_03575	RDB36564.1
Spiro2_03580	RDB36563.1
Spiro2_03585	RDB36562.1
Spiro2_03590	RDB36561.1
Spiro2_03595	RDB36560.1
Spiro2_03600	RDB36559.1
Spiro2_03645	RDB36557.1
Spiro2_03650	RDB36556.1
Spiro2_03655	RDB36555.1
Spiro2_03660	RDB36554.1
Spiro2_03665	RDB36553.1
Spiro2_03670	RDB36552.1
Spiro2_03675	RDB36551.1
Spiro2_03715	RDB36550.1
Spiro2_03720	RDB36549.1
Spiro2_03725	RDB36548.1
Spiro2_03730	RDB36547.1
Spiro2_03735	RDB36546.1
Spiro2_03740	RDB36545.1
Spiro2_03745	RDB36544.1
Spiro2_03750	RDB36543.1
Spiro2_03755	RDB36542.1
Spiro2_03760	RDB36541.1
Spiro2_03765	RDB36540.1
Spiro2_03775	RDB36538.1
Spiro2_03780	RDB36537.1
Spiro2_03785	RDB36536.1
Spiro2_03790	RDB36535.1
Spiro2_03795	RDB36534.1
Spiro2_03800	RDB36533.1
Spiro2_03805	RDB36532.1
Spiro2_03815	RDB36531.1
Spiro2_03820	RDB36530.1
Spiro2_03825	RDB36529.1
Spiro2_03830	RDB36528.1
Spiro2_03835	RDB36527.1
Spiro2_03840	RDB36526.1
Spiro2_03845	RDB36525.1
Spiro2_03850	RDB36524.1
Spiro2_03855	RDB36523.1
Spiro2_03860	RDB36522.1
Spiro2_03865	RDB36521.1
Spiro2_03870	RDB36520.1
Spiro2_03875	RDB36519.1
Spiro2_03880	RDB36518.1
Spiro2_03885	RDB36517.1
Spiro2_03895	RDB36516.1
Spiro2_03900	RDB36515.1
Spiro2_03905	RDB36514.1
Spiro2_03910	RDB36513.1
Spiro2_03915	RDB36512.1
Spiro2_03920	RDB36511.1
Spiro2_03925	RDB36510.1
Spiro2_03930	RDB36509.1
Spiro2_03935	RDB36508.1
Spiro2_03940	RDB36507.1
Spiro2_03960	RDB35151.1
Spiro2_03965	RDB35152.1
Spiro2_03970	RDB35153.1
Spiro2_03975	RDB35154.1
Spiro2_03980	RDB35155.1
Spiro2_03985	RDB35156.1
Spiro2_03990	RDB35157.1
Spiro2_03995	RDB35158.1
Spiro2_04000	RDB35159.1
Spiro2_04005	RDB35160.1
Spiro2_04020	RDB35161.1
Spiro2_04025	RDB35162.1
Spiro2_04030	RDB35163.1
Spiro2_04040	RDB35658.1
Spiro2_04045	RDB35659.1
Spiro2_04050	RDB35660.1
Spiro2_04055	RDB35661.1
Spiro2_04060	RDB35662.1
Spiro2_04065	RDB35663.1
Spiro2_04070	RDB35664.1
Spiro2_04075	RDB35665.1
Spiro2_04080	RDB35666.1
Spiro2_04085	RDB35667.1
Spiro2_04090	RDB35668.1
Spiro2_04095	RDB35669.1
Spiro2_04100	RDB35670.1
Spiro2_04105	RDB35671.1
Spiro2_04110	RDB35672.1
Spiro2_04115	RDB35673.1
Spiro2_04120	RDB35674.1
Spiro2_04125	RDB35675.1
Spiro2_04130	RDB35676.1
Spiro2_04135	RDB35677.1
Spiro2_04140	RDB35678.1
Spiro2_04150	RDB35679.1
Spiro2_04155	RDB35680.1
Spiro2_04160	RDB35681.1
Spiro2_04165	RDB35682.1
Spiro2_04170	RDB35683.1
Spiro2_04175	RDB35684.1
Spiro2_04180	RDB35685.1
Spiro2_04185	RDB35686.1
Spiro2_04190	RDB35687.1
Spiro2_04195	RDB35688.1
Spiro2_04200	RDB35689.1
Spiro2_04205	RDB35690.1
Spiro2_04210	RDB35691.1
Spiro2_04215	RDB35692.1
Spiro2_04220	RDB35693.1
Spiro2_04225	RDB35583.1
Spiro2_04230	RDB35582.1
Spiro2_04235	RDB35581.1
Spiro2_04240	RDB35580.1
Spiro2_04245	RDB35579.1
Spiro2_04250	RDB35578.1
Spiro2_04255	RDB35577.1
Spiro2_04260	RDB35576.1
Spiro2_04265	RDB35575.1
Spiro2_04270	RDB35574.1
Spiro2_04275	RDB35573.1
Spiro2_04280	RDB35572.1
Spiro2_04285	RDB35571.1
Spiro2_04290	RDB35570.1
Spiro2_04295	RDB35568.1
Spiro2_04300	RDB35567.1
Spiro2_04305	RDB35566.1
Spiro2_04310	RDB35565.1
Spiro2_04315	RDB35564.1
Spiro2_04320	RDB35563.1
Spiro2_04325	RDB35562.1
Spiro2_04330	RDB35561.1
Spiro2_04335	RDB35560.1
Spiro2_04340	RDB35559.1
Spiro2_04345	RDB35558.1
Spiro2_04350	RDB35557.1
Spiro2_04355	RDB35556.1
Spiro2_04360	RDB35555.1
Spiro2_04365	RDB35306.1
Spiro2_04370	RDB35305.1
Spiro2_04375	RDB35304.1
Spiro2_04380	RDB35303.1
Spiro2_04385	RDB35302.1
Spiro2_04390	RDB35301.1
Spiro2_04395	RDB35300.1
Spiro2_04400	RDB35299.1
Spiro2_04405	RDB35298.1
Spiro2_04410	RDB35297.1
Spiro2_04415	RDB35295.1
Spiro2_04420	RDB35294.1
Spiro2_04425	RDB35293.1
Spiro2_04430	RDB35292.1
Spiro2_04435	RDB35291.1
Spiro2_04440	RDB35290.1
Spiro2_04445	RDB35289.1
Spiro2_04450	RDB35288.1
Spiro2_04460	RDB35287.1
Spiro2_04465	RDB35056.1
Spiro2_04470	RDB35055.1
Spiro2_04475	RDB35054.1
Spiro2_04480	RDB35053.1
Spiro2_04485	RDB35052.1
Spiro2_04490	RDB35497.1
Spiro2_04495	RDB35496.1
Spiro2_04500	RDB35495.1
Spiro2_04505	RDB35494.1
Spiro2_04510	RDB35493.1
Spiro2_04515	RDB35492.1
Spiro2_04520	RDB35491.1
Spiro2_04525	RDB35499.1
Spiro2_04530	RDB35498.1
Spiro2_04535	RDB35490.1
Spiro2_04540	RDB35489.1
Spiro2_04545	RDB35488.1
Spiro2_04550	RDB35487.1
Spiro2_04555	RDB35486.1
Spiro2_04560	RDB35485.1
Spiro2_04565	RDB35484.1
Spiro2_04570	RDB35483.1
Spiro2_04575	RDB35482.1
Spiro2_04580	RDB35481.1
Spiro2_04585	RDB35480.1
Spiro2_04590	RDB35479.1
Spiro2_04595	RDB35477.1
Spiro2_04600	RDB35475.1
Spiro2_04605	RDB35474.1
Spiro2_04615	RDB35473.1
Spiro2_04620	RDB35472.1
Spiro2_04625	RDB35471.1
Spiro2_04630	RDB35470.1
Spiro2_04635	RDB35468.1
Spiro2_04645	RDB35029.1
Spiro2_04650	RDB35031.1
Spiro2_04655	RDB35979.1
Spiro2_04660	RDB35978.1
Spiro2_04665	RDB35977.1
Spiro2_04670	RDB35976.1
Spiro2_04675	RDB35975.1
Spiro2_04680	RDB35974.1
Spiro2_04685	RDB35973.1
Spiro2_04690	RDB35972.1
Spiro2_04695	RDB35971.1
Spiro2_04700	RDB35970.1
Spiro2_04705	RDB35969.1
Spiro2_04710	RDB35968.1
Spiro2_04715	RDB35967.1
Spiro2_04720	RDB35966.1
Spiro2_04725	RDB35965.1
Spiro2_04730	RDB35964.1
Spiro2_04735	RDB35963.1
Spiro2_04740	RDB35962.1
Spiro2_04745	RDB35961.1
Spiro2_04750	RDB35960.1
Spiro2_04755	RDB35959.1
Spiro2_04760	RDB35958.1
Spiro2_04765	RDB35957.1
Spiro2_04770	RDB35956.1
Spiro2_04775	RDB35980.1
Spiro2_04780	RDB35955.1
Spiro2_04785	RDB35954.1
Spiro2_04790	RDB35953.1
Spiro2_04800	RDB35952.1
Spiro2_04805	RDB35951.1
Spiro2_04810	RDB35950.1
Spiro2_04815	RDB35949.1
Spiro2_04820	RDB35948.1
Spiro2_04825	RDB35947.1
Spiro2_04830	RDB35946.1
Spiro2_04835	RDB35945.1
Spiro2_04845	RDB35944.1
Spiro2_04850	RDB35943.1
Spiro2_04855	RDB35942.1
Spiro2_04865	RDB36736.1
Spiro2_04875	RDB36735.1
Spiro2_04880	RDB35941.1
Spiro2_04885	RDB35940.1
Spiro2_04890	RDB35939.1
Spiro2_04895	RDB35938.1
Spiro2_04900	RDB35937.1
Spiro2_04905	RDB35936.1
Spiro2_04910	RDB35935.1
Spiro2_04915	RDB35934.1
Spiro2_04920	RDB35933.1
Spiro2_04925	RDB35932.1
Spiro2_04930	RDB35931.1
Spiro2_04935	RDB35930.1
Spiro2_04940	RDB35929.1
Spiro2_04945	RDB35928.1
Spiro2_04950	RDB35927.1
Spiro2_04955	RDB35926.1
Spiro2_04965	RDB35924.1
Spiro2_04970	RDB35923.1
Spiro2_04975	RDB35922.1
Spiro2_04980	RDB35921.1
Spiro2_04985	RDB35920.1
Spiro2_04990	RDB35919.1
Spiro2_04995	RDB35918.1
Spiro2_05000	RDB35917.1
Spiro2_05005	RDB35916.1
Spiro2_05010	RDB35915.1
Spiro2_05020	RDB35914.1
Spiro2_05025	RDB35913.1
Spiro2_05030	RDB35912.1
Spiro2_05035	RDB35911.1
Spiro2_05040	RDB35910.1
Spiro2_05045	RDB35909.1
Spiro2_05050	RDB35908.1
Spiro2_05055	RDB35907.1
Spiro2_05060	RDB35906.1
Spiro2_05065	RDB35905.1
Spiro2_05070	RDB35904.1
Spiro2_05080	RDB36657.1
Spiro2_05085	RDB36656.1
Spiro2_05090	RDB36655.1
Spiro2_05095	RDB36654.1
Spiro2_05100	RDB36653.1
Spiro2_05105	RDB36652.1
Spiro2_05110	RDB36651.1
Spiro2_05115	RDB36650.1
Spiro2_05120	RDB36649.1
Spiro2_05125	RDB36648.1
Spiro2_05135	RDB36647.1
Spiro2_05145	RDB36645.1
Spiro2_05150	RDB36661.1
Spiro2_05155	RDB36644.1
Spiro2_05160	RDB36643.1
Spiro2_05165	RDB36642.1
Spiro2_05170	RDB36641.1
Spiro2_05175	RDB36640.1
Spiro2_05180	RDB36639.1
Spiro2_05185	RDB36660.1
Spiro2_05190	RDB36638.1
Spiro2_05195	RDB36637.1
Spiro2_05205	RDB36636.1
Spiro2_05210	RDB36635.1
Spiro2_05215	RDB36634.1
Spiro2_05220	RDB36633.1
Spiro2_05225	RDB36632.1
Spiro2_05230	RDB36631.1
Spiro2_05235	RDB36630.1
Spiro2_05240	RDB36629.1
Spiro2_05245	RDB36628.1
Spiro2_05250	RDB36627.1
Spiro2_05255	RDB36626.1
Spiro2_05260	RDB36625.1
Spiro2_05265	RDB36624.1
Spiro2_05270	RDB36623.1
Spiro2_05275	RDB36622.1
Spiro2_05280	RDB36621.1
Spiro2_05285	RDB36620.1
Spiro2_05290	RDB36619.1
Spiro2_05295	RDB36618.1
Spiro2_05300	RDB36617.1
Spiro2_05305	RDB36616.1
Spiro2_05310	RDB36615.1
Spiro2_05315	RDB36614.1
Spiro2_05325	RDB36613.1
Spiro2_05330	RDB36612.1
Spiro2_05335	RDB36611.1
Spiro2_05340	RDB36610.1
Spiro2_05345	RDB36609.1
Spiro2_05350	RDB36608.1
Spiro2_05355	RDB36659.1
Spiro2_05360	RDB36607.1
Spiro2_05365	RDB36606.1
Spiro2_05370	RDB36605.1
Spiro2_05375	RDB36604.1
Spiro2_05380	RDB36603.1
Spiro2_05385	RDB36602.1
Spiro2_05390	RDB36601.1
Spiro2_05395	RDB36600.1
Spiro2_05400	RDB36599.1
Spiro2_05405	RDB36598.1
Spiro2_05410	RDB36597.1
Spiro2_05415	RDB36596.1
Spiro2_05420	RDB36595.1
Spiro2_05425	RDB36594.1
Spiro2_05430	RDB36593.1
Spiro2_05435	RDB36592.1
Spiro2_05440	RDB36591.1
Spiro2_05450	RDB36590.1
Spiro2_05455	RDB36589.1
Spiro2_05460	RDB36588.1
Spiro2_05465	RDB36658.1
Spiro2_05470	RDB36587.1
Spiro2_05485	RDB36765.1
Spiro2_05490	RDB36766.1
Spiro2_05495	RDB36767.1
Spiro2_05500	RDB36768.1
Spiro2_05505	RDB36769.1
Spiro2_05510	RDB36770.1
Spiro2_05515	RDB36771.1
Spiro2_05520	RDB36772.1
Spiro2_05525	RDB36434.1
Spiro2_05530	RDB36433.1
Spiro2_05535	RDB36432.1
Spiro2_05540	RDB36431.1
Spiro2_05545	RDB36430.1
Spiro2_05550	RDB36429.1
Spiro2_05555	RDB36428.1
Spiro2_05560	RDB36427.1
Spiro2_05565	RDB36426.1
Spiro2_05570	RDB36425.1
Spiro2_05575	RDB36424.1
Spiro2_05580	RDB36436.1
Spiro2_05585	RDB36423.1
Spiro2_05590	RDB36422.1
Spiro2_05595	RDB36421.1
Spiro2_05600	RDB36420.1
Spiro2_05605	RDB36419.1
Spiro2_05610	RDB36418.1
Spiro2_05630	RDB36417.1
Spiro2_05635	RDB36416.1
Spiro2_05640	RDB36415.1
Spiro2_05645	RDB36414.1
Spiro2_05650	RDB36413.1
Spiro2_05655	RDB36412.1
Spiro2_05660	RDB36411.1
Spiro2_05665	RDB36410.1
Spiro2_05670	RDB36409.1
Spiro2_05675	RDB36408.1
Spiro2_05680	RDB36407.1
Spiro2_05685	RDB36406.1
Spiro2_05690	RDB36405.1
Spiro2_05695	RDB36404.1
Spiro2_05700	RDB36403.1
Spiro2_05705	RDB36402.1
Spiro2_05710	RDB36401.1
Spiro2_05715	RDB36400.1
Spiro2_05720	RDB36399.1
Spiro2_05725	RDB36398.1
Spiro2_05730	RDB36397.1
Spiro2_05735	RDB36396.1
Spiro2_05740	RDB36395.1
Spiro2_05745	RDB36394.1
Spiro2_05750	RDB36393.1
Spiro2_05755	RDB36435.1
Spiro2_05760	RDB36392.1
Spiro2_05770	RDB36391.1
Spiro2_05775	RDB36390.1
Spiro2_05780	RDB36389.1
Spiro2_05785	RDB36388.1
Spiro2_05790	RDB36387.1
Spiro2_05795	RDB36386.1
Spiro2_05800	RDB36385.1
Spiro2_05805	RDB36384.1
Spiro2_05810	RDB36383.1
Spiro2_05815	RDB36382.1
Spiro2_05820	RDB36381.1
Spiro2_05825	RDB36380.1
Spiro2_05830	RDB36379.1
Spiro2_05835	RDB36378.1
Spiro2_05840	RDB36377.1
Spiro2_05845	RDB36376.1
Spiro2_05850	RDB35804.1
Spiro2_05855	RDB35805.1
Spiro2_05860	RDB35806.1
Spiro2_05865	RDB35807.1
Spiro2_05870	RDB35808.1
Spiro2_05875	RDB35809.1
Spiro2_05880	RDB35810.1
Spiro2_05885	RDB35811.1
Spiro2_05890	RDB35812.1
Spiro2_05895	RDB35813.1
Spiro2_05900	RDB35814.1
Spiro2_05905	RDB35815.1
Spiro2_05910	RDB35832.1
Spiro2_05915	RDB35816.1
Spiro2_05925	RDB35817.1
Spiro2_05930	RDB35818.1
Spiro2_05935	RDB35819.1
Spiro2_05940	RDB35820.1
Spiro2_05945	RDB35821.1
Spiro2_05950	RDB35822.1
Spiro2_05955	RDB35823.1
Spiro2_05960	RDB35824.1
Spiro2_05965	RDB35825.1
Spiro2_05970	RDB35826.1
Spiro2_05975	RDB35827.1
Spiro2_05980	RDB35828.1
Spiro2_05985	RDB35829.1
Spiro2_05990	RDB35830.1
Spiro2_06005	RDB35831.1
Spiro2_06030	RDB36763.1
Spiro2_06095	RDB36692.1
Spiro2_06115	RDB35761.1
Spiro2_06120	RDB35759.1
Spiro2_06125	RDB35758.1
Spiro2_06130	RDB35757.1
Spiro2_06135	RDB35756.1
Spiro2_06140	RDB35755.1
Spiro2_06145	RDB35754.1
Spiro2_06150	RDB35753.1
Spiro2_06155	RDB35752.1
Spiro2_06160	RDB35751.1
Spiro2_06165	RDB35750.1
Spiro2_06170	RDB35749.1
Spiro2_06175	RDB35748.1
Spiro2_06180	RDB35747.1
Spiro2_06185	RDB35746.1
Spiro2_06190	RDB35745.1
Spiro2_06195	RDB35744.1
Spiro2_06200	RDB35743.1
Spiro2_06205	RDB35742.1
Spiro2_06210	RDB35741.1
Spiro2_06215	RDB35740.1
Spiro2_06220	RDB35766.1
Spiro2_06225	RDB35739.1
Spiro2_06230	RDB35738.1
Spiro2_06235	RDB35737.1
Spiro2_06240	RDB35736.1
Spiro2_06250	RDB35735.1
Spiro2_06255	RDB35734.1
Spiro2_06260	RDB35733.1
Spiro2_06265	RDB35732.1
Spiro2_06270	RDB35731.1
Spiro2_06275	RDB35730.1
Spiro2_06280	RDB35729.1
Spiro2_06300	RDB35531.1
Spiro2_06305	RDB35532.1
Spiro2_06310	RDB35533.1
Spiro2_06315	RDB35534.1
Spiro2_06320	RDB35535.1
Spiro2_06325	RDB35536.1
Spiro2_06330	RDB35537.1
Spiro2_06335	RDB35538.1
Spiro2_06345	RDB35539.1
Spiro2_06350	RDB35540.1
Spiro2_06355	RDB35541.1
Spiro2_06360	RDB35542.1
Spiro2_06365	RDB35543.1
Spiro2_06370	RDB35544.1
Spiro2_06375	RDB35545.1
Spiro2_06380	RDB35546.1
Spiro2_06385	RDB35547.1
Spiro2_06390	RDB35548.1
Spiro2_06395	RDB35549.1
Spiro2_06400	RDB35550.1
Spiro2_06405	RDB35551.1
Spiro2_06410	RDB35552.1
Spiro2_06440	RDB35016.1
Spiro2_06445	RDB36025.1
Spiro2_06450	RDB36026.1
Spiro2_06455	RDB36027.1
Spiro2_06460	RDB36028.1
Spiro2_06465	RDB36029.1
Spiro2_06470	RDB36030.1
Spiro2_06475	RDB36031.1
Spiro2_06480	RDB36032.1
Spiro2_06485	RDB36033.1
Spiro2_06490	RDB36034.1
Spiro2_06495	RDB36035.1
Spiro2_06500	RDB36036.1
Spiro2_06505	RDB36037.1
Spiro2_06510	RDB36038.1
Spiro2_06515	RDB36066.1
Spiro2_06520	RDB36039.1
Spiro2_06525	RDB36040.1
Spiro2_06530	RDB36041.1
Spiro2_06535	RDB36042.1
Spiro2_06540	RDB36043.1
Spiro2_06545	RDB36044.1
Spiro2_06550	RDB36045.1
Spiro2_06555	RDB36047.1
Spiro2_06560	RDB36048.1
Spiro2_06565	RDB36049.1
Spiro2_06570	RDB36050.1
Spiro2_06575	RDB36051.1
Spiro2_06580	RDB36052.1
Spiro2_06585	RDB36053.1
Spiro2_06590	RDB36054.1
Spiro2_06595	RDB36055.1
Spiro2_06600	RDB36056.1
Spiro2_06605	RDB36057.1
Spiro2_06610	RDB36058.1
Spiro2_06615	RDB36059.1
Spiro2_06620	RDB36067.1
Spiro2_06625	RDB36060.1
Spiro2_06630	RDB36061.1
Spiro2_06635	RDB36062.1
Spiro2_06640	RDB36063.1
Spiro2_06645	RDB36064.1
Spiro2_06650	RDB35836.1
Spiro2_06655	RDB35837.1
Spiro2_06660	RDB35838.1
Spiro2_06665	RDB35839.1
Spiro2_06670	RDB35840.1
Spiro2_06675	RDB35841.1
Spiro2_06680	RDB35842.1
Spiro2_06685	RDB35843.1
Spiro2_06690	RDB35844.1
Spiro2_06695	RDB35845.1
Spiro2_06700	RDB35846.1
Spiro2_06715	RDB35847.1
Spiro2_06720	RDB35848.1
Spiro2_06725	RDB35849.1
Spiro2_06730	RDB35850.1
Spiro2_06735	RDB35851.1
Spiro2_06740	RDB35852.1
Spiro2_06745	RDB35853.1
Spiro2_06750	RDB35854.1
Spiro2_06755	RDB35855.1
Spiro2_06760	RDB35856.1
Spiro2_06765	RDB35857.1
Spiro2_06770	RDB35858.1
Spiro2_06775	RDB35859.1
Spiro2_06780	RDB35860.1
Spiro2_06785	RDB35861.1
Spiro2_06790	RDB35862.1
Spiro2_06795	RDB35863.1
Spiro2_06830	RDB35767.1
Spiro2_06835	RDB35768.1
Spiro2_06840	RDB35769.1
Spiro2_06845	RDB35770.1
Spiro2_06850	RDB35771.1
Spiro2_06855	RDB35772.1
Spiro2_06860	RDB35773.1
Spiro2_06865	RDB35774.1
Spiro2_06870	RDB35775.1
Spiro2_06875	RDB35776.1
Spiro2_06880	RDB35777.1
Spiro2_06885	RDB35778.1
Spiro2_06890	RDB35779.1
Spiro2_06895	RDB35780.1
Spiro2_06900	RDB35781.1
Spiro2_06905	RDB35782.1
Spiro2_06910	RDB35783.1
Spiro2_06915	RDB35784.1
Spiro2_06920	RDB35785.1
Spiro2_06925	RDB35786.1
Spiro2_06930	RDB35787.1
Spiro2_06935	RDB35788.1
Spiro2_06940	RDB35789.1
Spiro2_06945	RDB35790.1
Spiro2_06950	RDB35791.1
Spiro2_06955	RDB35802.1
Spiro2_06960	RDB35792.1
Spiro2_06965	RDB35793.1
Spiro2_06970	RDB35794.1
Spiro2_06975	RDB35795.1
Spiro2_06980	RDB35796.1
Spiro2_06990	RDB35797.1
Spiro2_06995	RDB35803.1
Spiro2_07000	RDB35798.1
Spiro2_07005	RDB35799.1
Spiro2_07015	RDB35800.1
Spiro2_07045	RDB35801.1
Spiro2_07050	RDB36795.1
Spiro2_07055	RDB36796.1
Spiro2_07075	RDB36798.1
Spiro2_07080	RDB36799.1
Spiro2_07095	RDB36800.1
Spiro2_07105	RDB36801.1
Spiro2_07110	RDB36802.1
Spiro2_07125	RDB36803.1
Spiro2_07130	RDB36804.1
Spiro2_07170	RDB36937.1
Spiro2_07180	RDB36702.1
Spiro2_07185	RDB36701.1
Spiro2_07190	RDB36700.1
Spiro2_07240	RDB37359.1
Spiro2_07270	RDB36438.1
Spiro2_07445	RDB36439.1
Spiro2_07450	RDB36440.1
Spiro2_07455	RDB36441.1
Spiro2_07460	RDB36442.1
Spiro2_07465	RDB36444.1
Spiro2_07470	RDB36445.1
Spiro2_07475	RDB36446.1
Spiro2_07480	RDB36447.1
Spiro2_07485	RDB36448.1
Spiro2_07490	RDB36449.1
Spiro2_07495	RDB36450.1
Spiro2_07500	RDB36451.1
Spiro2_07505	RDB36452.1
Spiro2_07510	RDB36453.1
Spiro2_07515	RDB36454.1
Spiro2_07520	RDB36455.1
Spiro2_07525	RDB36456.1
Spiro2_07530	RDB36457.1
Spiro2_07535	RDB36458.1
Spiro2_07540	RDB36459.1
Spiro2_07545	RDB36460.1
Spiro2_07550	RDB36461.1
Spiro2_07555	RDB36462.1
Spiro2_07565	RDB36463.1
Spiro2_07570	RDB36464.1
Spiro2_07575	RDB36465.1
Spiro2_07580	RDB36466.1
Spiro2_07585	RDB36467.1
Spiro2_07590	RDB36468.1
Spiro2_07595	RDB36469.1
Spiro2_07600	RDB36470.1
Spiro2_07610	RDB36474.1
Spiro2_07615	RDB36475.1
Spiro2_07620	RDB36476.1
Spiro2_07625	RDB36477.1
Spiro2_07630	RDB36506.1
Spiro2_07635	RDB36478.1
Spiro2_07640	RDB36479.1
Spiro2_07645	RDB36480.1
Spiro2_07650	RDB36481.1
Spiro2_07655	RDB36482.1
Spiro2_07660	RDB36483.1
Spiro2_07665	RDB36484.1
Spiro2_07670	RDB36485.1
Spiro2_07675	RDB36487.1
Spiro2_07680	RDB36488.1
Spiro2_07685	RDB36489.1
Spiro2_07695	RDB36490.1
Spiro2_07700	RDB36491.1
Spiro2_07705	RDB36492.1
Spiro2_07710	RDB36493.1
Spiro2_07715	RDB36494.1
Spiro2_07720	RDB36495.1
Spiro2_07725	RDB36496.1
Spiro2_07730	RDB36497.1
Spiro2_07735	RDB36498.1
Spiro2_07740	RDB36499.1
Spiro2_07745	RDB36500.1
Spiro2_07750	RDB36501.1
Spiro2_07760	RDB36502.1
Spiro2_07765	RDB36503.1
Spiro2_07775	RDB36504.1
Spiro2_07780	RDB37056.1
Spiro2_07785	RDB37055.1
Spiro2_07790	RDB37054.1
Spiro2_07795	RDB37053.1
Spiro2_07800	RDB37052.1
Spiro2_07805	RDB37051.1
Spiro2_07810	RDB37050.1
Spiro2_07815	RDB37049.1
Spiro2_07820	RDB37048.1
Spiro2_07825	RDB37047.1
Spiro2_07830	RDB37046.1
Spiro2_07835	RDB37045.1
Spiro2_07840	RDB37044.1
Spiro2_07845	RDB37043.1
Spiro2_07850	RDB37042.1
Spiro2_07855	RDB37041.1
Spiro2_07860	RDB37040.1
Spiro2_07865	RDB37039.1
Spiro2_07870	RDB37038.1
Spiro2_07875	RDB37037.1
Spiro2_07880	RDB37036.1
Spiro2_07885	RDB37035.1
Spiro2_07890	RDB37034.1
Spiro2_07895	RDB37033.1
Spiro2_07900	RDB37032.1
Spiro2_07905	RDB37031.1
Spiro2_07910	RDB36853.1
Spiro2_07915	RDB36854.1
Spiro2_07920	RDB36855.1
Spiro2_07925	RDB36856.1
Spiro2_07930	RDB36857.1
Spiro2_07935	RDB36858.1
Spiro2_07940	RDB36860.1
Spiro2_07945	RDB36861.1
Spiro2_07950	RDB36862.1
Spiro2_07955	RDB35087.1
Spiro2_07960	RDB35086.1
Spiro2_07965	RDB35085.1
Spiro2_07975	RDB35084.1
Spiro2_07980	RDB35083.1
Spiro2_07990	RDB35082.1
Spiro2_07995	RDB35081.1
Spiro2_08000	RDB35080.1
Spiro2_08010	RDB35585.1
Spiro2_08015	RDB35586.1
Spiro2_08020	RDB35587.1
Spiro2_08025	RDB35588.1
Spiro2_08040	RDB35589.1
Spiro2_08045	RDB35590.1
Spiro2_08050	RDB35591.1
Spiro2_08055	RDB35592.1
Spiro2_08060	RDB35593.1
Spiro2_08065	RDB35594.1
Spiro2_08070	RDB35595.1
Spiro2_08075	RDB35596.1
Spiro2_08080	RDB35597.1
Spiro2_08085	RDB35598.1
Spiro2_08090	RDB35599.1
Spiro2_08095	RDB35622.1
Spiro2_08100	RDB35600.1
Spiro2_08105	RDB35601.1
Spiro2_08110	RDB35602.1
Spiro2_08115	RDB35603.1
Spiro2_08120	RDB35604.1
Spiro2_08125	RDB35605.1
Spiro2_08130	RDB35606.1
Spiro2_08140	RDB35607.1
Spiro2_08145	RDB35608.1
Spiro2_08150	RDB35609.1
Spiro2_08155	RDB35610.1
Spiro2_08160	RDB35611.1
Spiro2_08165	RDB35612.1
Spiro2_08170	RDB35613.1
Spiro2_08175	RDB35614.1
Spiro2_08180	RDB35615.1
Spiro2_08185	RDB35616.1
Spiro2_08190	RDB35617.1
Spiro2_08195	RDB35618.1
Spiro2_08200	RDB35621.1
Spiro2_08205	RDB36316.1
Spiro2_08210	RDB36315.1
Spiro2_08215	RDB36314.1
Spiro2_08225	RDB36313.1
Spiro2_08230	RDB36312.1
Spiro2_08235	RDB36311.1
Spiro2_08240	RDB36310.1
Spiro2_08245	RDB36309.1
Spiro2_08255	RDB36308.1
Spiro2_08260	RDB36307.1
Spiro2_08265	RDB36306.1
Spiro2_08270	RDB36305.1
Spiro2_08275	RDB36304.1
Spiro2_08280	RDB36303.1
Spiro2_08285	RDB36302.1
Spiro2_08290	RDB36300.1
Spiro2_08295	RDB36299.1
Spiro2_08300	RDB36298.1
Spiro2_08305	RDB36297.1
Spiro2_08310	RDB36296.1
Spiro2_08315	RDB36295.1
Spiro2_08320	RDB36294.1
Spiro2_08325	RDB36293.1
Spiro2_08330	RDB36292.1
Spiro2_08345	RDB36291.1
Spiro2_08350	RDB36290.1
Spiro2_08355	RDB36289.1
Spiro2_08360	RDB36288.1
Spiro2_08365	RDB36287.1
Spiro2_08370	RDB36286.1
Spiro2_08375	RDB36285.1
Spiro2_08380	RDB36284.1
Spiro2_08385	RDB36283.1
Spiro2_08390	RDB36282.1
Spiro2_08395	RDB36281.1
Spiro2_08400	RDB36280.1
Spiro2_08405	RDB36279.1
Spiro2_08410	RDB36278.1
Spiro2_08415	RDB36277.1
Spiro2_08420	RDB36276.1
Spiro2_08425	RDB36275.1
Spiro2_08430	RDB36274.1
Spiro2_08435	RDB36273.1
Spiro2_08440	RDB36272.1
Spiro2_08445	RDB36271.1
Spiro2_08450	RDB36270.1
Spiro2_08455	RDB36269.1
Spiro2_08460	RDB36268.1
Spiro2_08465	RDB35981.1
Spiro2_08470	RDB35982.1
Spiro2_08475	RDB35983.1
Spiro2_08480	RDB35984.1
Spiro2_08485	RDB35985.1
Spiro2_08490	RDB35986.1
Spiro2_08495	RDB35987.1
Spiro2_08500	RDB35988.1
Spiro2_08505	RDB35989.1
Spiro2_08515	RDB35990.1
Spiro2_08520	RDB35991.1
Spiro2_08525	RDB35992.1
Spiro2_08530	RDB35993.1
Spiro2_08535	RDB35994.1
Spiro2_08540	RDB35995.1
Spiro2_08545	RDB35996.1
Spiro2_08550	RDB35997.1
Spiro2_08555	RDB35998.1
Spiro2_08560	RDB35999.1
Spiro2_08565	RDB36000.1
Spiro2_08570	RDB36001.1
Spiro2_08575	RDB36002.1
Spiro2_08580	RDB36003.1
Spiro2_08585	RDB36004.1
Spiro2_08590	RDB36005.1
Spiro2_08595	RDB36006.1
Spiro2_08600	RDB36007.1
Spiro2_08605	RDB36008.1
Spiro2_08610	RDB36009.1
Spiro2_08625	RDB36010.1
Spiro2_08630	RDB36011.1
Spiro2_08635	RDB36024.1
Spiro2_08640	RDB36012.1
Spiro2_08645	RDB36013.1
Spiro2_08650	RDB36014.1
Spiro2_08655	RDB36015.1
Spiro2_08660	RDB36016.1
Spiro2_08665	RDB36017.1
Spiro2_08670	RDB36018.1
Spiro2_08675	RDB36019.1
Spiro2_08680	RDB36020.1
Spiro2_08685	RDB36021.1
Spiro2_08690	RDB36022.1
Spiro2_08695	RDB36023.1
Spiro2_08710	RDB35501.1
Spiro2_08715	RDB35502.1
Spiro2_08720	RDB35503.1
Spiro2_08735	RDB35504.1
Spiro2_08740	RDB35505.1
Spiro2_08745	RDB35506.1
Spiro2_08750	RDB35507.1
Spiro2_08755	RDB35508.1
Spiro2_08765	RDB35509.1
Spiro2_08770	RDB35510.1
Spiro2_08775	RDB35511.1
Spiro2_08780	RDB35512.1
Spiro2_08785	RDB35513.1
Spiro2_08790	RDB35514.1
Spiro2_08795	RDB35515.1
Spiro2_08800	RDB35516.1
Spiro2_08805	RDB35517.1
Spiro2_08810	RDB35518.1
Spiro2_08815	RDB35519.1
Spiro2_08820	RDB35520.1
Spiro2_08825	RDB35521.1
Spiro2_08830	RDB35529.1
Spiro2_08835	RDB35522.1
Spiro2_08840	RDB35523.1
Spiro2_08845	RDB35524.1
Spiro2_08850	RDB35525.1
Spiro2_08855	RDB35526.1
Spiro2_08865	RDB35408.1
Spiro2_08875	RDB35407.1
Spiro2_08880	RDB35413.1
Spiro2_08885	RDB35406.1
Spiro2_08890	RDB35405.1
Spiro2_08895	RDB35404.1
Spiro2_08900	RDB35403.1
Spiro2_08915	RDB35401.1
Spiro2_08920	RDB35400.1
Spiro2_08925	RDB35399.1
Spiro2_08930	RDB35398.1
Spiro2_08935	RDB35397.1
Spiro2_08940	RDB35396.1
Spiro2_08945	RDB35395.1
Spiro2_08950	RDB35394.1
Spiro2_08955	RDB35393.1
Spiro2_08960	RDB35392.1
Spiro2_08965	RDB35391.1
Spiro2_08970	RDB35390.1
Spiro2_08975	RDB35389.1
Spiro2_08980	RDB35388.1
Spiro2_08985	RDB35027.1
Spiro2_08995	RDB35025.1
Spiro2_09000	RDB35695.1
Spiro2_09005	RDB35696.1
Spiro2_09010	RDB35697.1
Spiro2_09015	RDB35698.1
Spiro2_09020	RDB35699.1
Spiro2_09025	RDB35700.1
Spiro2_09030	RDB35701.1
Spiro2_09035	RDB35702.1
Spiro2_09040	RDB35703.1
Spiro2_09045	RDB35704.1
Spiro2_09050	RDB35705.1
Spiro2_09055	RDB35706.1
Spiro2_09060	RDB35707.1
Spiro2_09065	RDB35708.1
Spiro2_09085	RDB35710.1
Spiro2_09090	RDB35711.1
Spiro2_09095	RDB35712.1
Spiro2_09100	RDB35713.1
Spiro2_09105	RDB35714.1
Spiro2_09110	RDB35726.1
Spiro2_09115	RDB35727.1
Spiro2_09120	RDB35715.1
Spiro2_09125	RDB35716.1
Spiro2_09130	RDB36849.1
Spiro2_09135	RDB35717.1
Spiro2_09140	RDB35718.1
Spiro2_09145	RDB35719.1
Spiro2_09150	RDB35720.1
Spiro2_09155	RDB35721.1
Spiro2_09160	RDB35722.1
Spiro2_09170	RDB35724.1
Spiro2_09175	RDB35725.1
Spiro2_09180	RDB36695.1
Spiro2_09195	RDB35117.1
Spiro2_09200	RDB35116.1
Spiro2_09205	RDB35115.1
Spiro2_09210	RDB35114.1
Spiro2_09215	RDB35113.1
Spiro2_09220	RDB35112.1
Spiro2_09225	RDB35111.1
Spiro2_09230	RDB35110.1
Spiro2_09250	RDB35109.1
Spiro2_09255	RDB35234.1
Spiro2_09270	RDB35232.1
Spiro2_09275	RDB35231.1
Spiro2_09280	RDB35230.1
Spiro2_09285	RDB35229.1
Spiro2_09290	RDB35228.1
Spiro2_09295	RDB35227.1
Spiro2_09305	RDB35226.1
Spiro2_09310	RDB35225.1
Spiro2_09335	RDB36696.1
Spiro2_09340	RDB36697.1
Spiro2_09345	RDB36698.1
Spiro2_09375	RDB35129.1
Spiro2_09380	RDB35130.1
Spiro2_09385	RDB35131.1
Spiro2_09390	RDB35132.1
Spiro2_09400	RDB36734.1
Spiro2_09425	RDB36694.1
Spiro2_09435	RDB36831.1
Spiro2_09440	RDB36830.1
Spiro2_09445	RDB36829.1
Spiro2_09450	RDB36828.1
Spiro2_09455	RDB36827.1
Spiro2_09460	RDB36826.1
Spiro2_09465	RDB36825.1
Spiro2_09470	RDB36824.1
Spiro2_09475	RDB36823.1
Spiro2_09480	RDB36822.1
Spiro2_09485	RDB36821.1
Spiro2_09495	RDB36722.1
Spiro2_09505	RDB35416.1
Spiro2_09510	RDB35417.1
Spiro2_09515	RDB35418.1
Spiro2_09520	RDB35419.1
Spiro2_09525	RDB35420.1
Spiro2_09530	RDB35421.1
Spiro2_09535	RDB35422.1
Spiro2_09540	RDB35423.1
Spiro2_09545	RDB35424.1
Spiro2_09550	RDB35425.1
Spiro2_09555	RDB35426.1
Spiro2_09560	RDB35427.1
Spiro2_09565	RDB35428.1
Spiro2_09570	RDB35429.1
Spiro2_09575	RDB35430.1
Spiro2_09580	RDB35431.1
Spiro2_09585	RDB35432.1
Spiro2_09590	RDB35434.1
Spiro2_09625	RDB36117.1
Spiro2_09630	RDB36116.1
Spiro2_09635	RDB36115.1
Spiro2_09640	RDB36114.1
Spiro2_09645	RDB36113.1
Spiro2_09650	RDB36112.1
Spiro2_09655	RDB36111.1
Spiro2_09660	RDB36110.1
Spiro2_09665	RDB36109.1
Spiro2_09670	RDB36108.1
Spiro2_09675	RDB36107.1
Spiro2_09680	RDB36106.1
Spiro2_09685	RDB36105.1
Spiro2_09690	RDB36104.1
Spiro2_09695	RDB36103.1
Spiro2_09700	RDB36102.1
Spiro2_09705	RDB36101.1
Spiro2_09710	RDB36120.1
Spiro2_09715	RDB36100.1
Spiro2_09720	RDB36099.1
Spiro2_09725	RDB36098.1
Spiro2_09730	RDB36097.1
Spiro2_09735	RDB36096.1
Spiro2_09740	RDB36095.1
Spiro2_09745	RDB36094.1
Spiro2_09750	RDB36093.1
Spiro2_09755	RDB36092.1
Spiro2_09760	RDB36091.1
Spiro2_09765	RDB36090.1
Spiro2_09770	RDB36089.1
Spiro2_09775	RDB36119.1
Spiro2_09780	RDB36088.1
Spiro2_09785	RDB36087.1
Spiro2_09790	RDB36086.1
Spiro2_09795	RDB36085.1
Spiro2_09800	RDB36084.1
Spiro2_09805	RDB36083.1
Spiro2_09810	RDB36082.1
Spiro2_09815	RDB36081.1
Spiro2_09820	RDB36080.1
Spiro2_09825	RDB36079.1
Spiro2_09830	RDB36078.1
Spiro2_09835	RDB36077.1
Spiro2_09840	RDB36076.1
Spiro2_09845	RDB36075.1
Spiro2_09850	RDB36118.1
Spiro2_09855	RDB36074.1
Spiro2_09860	RDB36073.1
Spiro2_09865	RDB36072.1
Spiro2_09870	RDB36071.1
Spiro2_09875	RDB36070.1
Spiro2_09880	RDB36069.1
Spiro2_09895	RDB36068.1
Spiro2_09900	RDB35064.1
Spiro2_09905	RDB35065.1
Spiro2_09910	RDB35066.1
Spiro2_09915	RDB35067.1
Spiro2_09920	RDB35068.1
Spiro2_09925	RDB36662.1
Spiro2_10000	RDB35178.1
Spiro2_10005	RDB35179.1
Spiro2_10010	RDB35180.1
Spiro2_10015	RDB35181.1
Spiro2_10020	RDB35182.1
Spiro2_10025	RDB35183.1
Spiro2_10030	RDB35184.1
Spiro2_10035	RDB35185.1
Spiro2_10040	RDB35186.1
Spiro2_10045	RDB35187.1
Spiro2_10050	RDB35188.1
Spiro2_10055	RDB35189.1
Spiro2_10060	RDB35190.1
Spiro2_10065	RDB35191.1
Spiro2_10070	RDB35192.1
Spiro2_10075	RDB36684.1
Spiro2_10085	RDB36929.1
Spiro2_10090	RDB36928.1
Spiro2_10110	RDB36927.1
Spiro2_10115	RDB36926.1
Spiro2_10120	RDB36925.1
Spiro2_10125	RDB36924.1
Spiro2_10130	RDB36923.1
Spiro2_10135	RDB36922.1
Spiro2_10140	RDB36921.1
Spiro2_10145	RDB36920.1
Spiro2_10175	RDB35223.1
Spiro2_10180	RDB35222.1
Spiro2_10185	RDB35221.1
Spiro2_10210	RDB37022.1
Spiro2_10220	RDB35059.1
Spiro2_10270	RDB35062.1
Spiro2_10275	RDB35061.1
Spiro2_10285	RDB35285.1
Spiro2_10290	RDB35282.1
Spiro2_10295	RDB35281.1
Spiro2_10300	RDB35280.1
Spiro2_10305	RDB35279.1
Spiro2_10310	RDB35278.1
Spiro2_10315	RDB35277.1
Spiro2_10320	RDB35276.1
Spiro2_10325	RDB35275.1
Spiro2_10330	RDB35274.1
Spiro2_10335	RDB35273.1
Spiro2_10340	RDB35272.1
Spiro2_10345	RDB35271.1
Spiro2_10350	RDB35270.1
Spiro2_10365	RDB37362.1
Spiro2_10380	RDB35128.1
Spiro2_10385	RDB35127.1
Spiro2_10390	RDB35126.1
Spiro2_10395	RDB35125.1
Spiro2_10400	RDB35124.1
Spiro2_10405	RDB35123.1
Spiro2_10415	RDB35122.1
Spiro2_10420	RDB35121.1
Spiro2_10425	RDB35120.1
Spiro2_10430	RDB35119.1
Spiro2_10435	RDB36879.1
Spiro2_10440	RDB36880.1
Spiro2_10445	RDB36881.1
Spiro2_10450	RDB36882.1
Spiro2_10455	RDB36883.1
Spiro2_10460	RDB36884.1
Spiro2_10465	RDB36885.1
Spiro2_10470	RDB36886.1
Spiro2_10475	RDB36887.1
Spiro2_10480	RDB36888.1
Spiro2_10485	RDB36889.1
Spiro2_10490	RDB36890.1
Spiro2_10495	RDB36891.1
Spiro2_10500	RDB36892.1
Spiro2_10505	RDB36893.1
Spiro2_10510	RDB36894.1
Spiro2_10515	RDB36895.1
Spiro2_10520	RDB36896.1
Spiro2_10525	RDB36705.1
Spiro2_10530	RDB36706.1
Spiro2_10535	RDB36707.1
Spiro2_10540	RDB36708.1
Spiro2_10545	RDB36709.1
Spiro2_10555	RDB36738.1
Spiro2_10560	RDB36739.1
Spiro2_10565	RDB36740.1
Spiro2_10570	RDB36741.1
Spiro2_10575	RDB36742.1
Spiro2_10595	RDB36743.1
Spiro2_10615	RDB36774.1
Spiro2_10620	RDB36775.1
Spiro2_10625	RDB36776.1
Spiro2_10635	RDB36778.1
Spiro2_10645	RDB35079.1
Spiro2_10650	RDB36781.1
Spiro2_10660	RDB36664.1
Spiro2_10665	RDB36663.1
Spiro2_10740	RDB35049.1
Spiro2_10745	RDB35046.1
Spiro2_10750	RDB35045.1
Spiro2_10755	RDB35044.1
Spiro2_10760	RDB35070.1
Spiro2_10765	RDB35071.1
Spiro2_10770	RDB35072.1
Spiro2_10775	RDB35073.1
Spiro2_10780	RDB35074.1
Spiro2_10785	RDB35075.1
Spiro2_10790	RDB35076.1
Spiro2_10795	RDB35077.1
Spiro2_10800	RDB35078.1
Spiro2_10805	RDB35047.1
Spiro2_10830	RDB36678.1
Spiro2_10835	RDB36677.1
Spiro2_10880	RDB36711.1
Spiro2_10885	RDB36712.1
Spiro2_10890	RDB36713.1
Spiro2_10895	RDB36714.1
Spiro2_10900	RDB36715.1
Spiro2_10905	RDB36716.1
Spiro2_10920	RDB36717.1
Spiro2_10925	RDB36718.1
Spiro2_10930	RDB36681.1
Spiro2_10935	RDB36680.1
Spiro2_10940	RDB35900.1
Spiro2_10945	RDB35899.1
Spiro2_10950	RDB35898.1
Spiro2_10955	RDB35897.1
Spiro2_10960	RDB35896.1
Spiro2_10965	RDB35895.1
Spiro2_10970	RDB35894.1
Spiro2_10975	RDB35893.1
Spiro2_10980	RDB35902.1
Spiro2_10985	RDB35892.1
Spiro2_10995	RDB35891.1
Spiro2_11000	RDB35890.1
Spiro2_11005	RDB35889.1
Spiro2_11010	RDB35888.1
Spiro2_11015	RDB35887.1
Spiro2_11020	RDB35886.1
Spiro2_11025	RDB35885.1
Spiro2_11030	RDB35884.1
Spiro2_11035	RDB35883.1
Spiro2_11040	RDB35882.1
Spiro2_11045	RDB35881.1
Spiro2_11050	RDB35880.1
Spiro2_11055	RDB35879.1
Spiro2_11060	RDB35878.1
Spiro2_11065	RDB35877.1
Spiro2_11070	RDB35876.1
Spiro2_11075	RDB35875.1
Spiro2_11080	RDB35874.1
Spiro2_11085	RDB35873.1
Spiro2_11090	RDB35872.1
Spiro2_11100	RDB35901.1
Spiro2_11105	RDB35871.1
Spiro2_11110	RDB35870.1
Spiro2_11115	RDB35869.1
Spiro2_11125	RDB35868.1
Spiro2_11130	RDB35867.1
Spiro2_11135	RDB35866.1
Spiro2_11140	RDB35865.1
Spiro2_11145	RDB35864.1
Spiro2_11165	RDB37252.1
Spiro2_11170	RDB37251.1
Spiro2_11175	RDB37250.1
Spiro2_11185	RDB37249.1
Spiro2_11190	RDB37248.1
Spiro2_11195	RDB37247.1
Spiro2_11200	RDB37246.1
Spiro2_11205	RDB37245.1
Spiro2_11210	RDB37244.1
Spiro2_11215	RDB37243.1
Spiro2_11220	RDB37242.1
Spiro2_11225	RDB37241.1
Spiro2_11230	RDB37240.1
Spiro2_11235	RDB37239.1
Spiro2_11240	RDB37238.1
Spiro2_11245	RDB37237.1
Spiro2_11250	RDB37236.1
Spiro2_11255	RDB37235.1
Spiro2_11260	RDB37234.1
Spiro2_11265	RDB37233.1
Spiro2_11270	RDB37232.1
Spiro2_11275	RDB37231.1
Spiro2_11280	RDB37230.1
Spiro2_11285	RDB37253.1
Spiro2_11290	RDB37229.1
Spiro2_11295	RDB37228.1
Spiro2_11300	RDB37227.1
Spiro2_11310	RDB37226.1
Spiro2_11335	RDB37225.1
Spiro2_11340	RDB37224.1
Spiro2_11345	RDB37223.1
Spiro2_11350	RDB37222.1
Spiro2_11355	RDB37221.1
Spiro2_11360	RDB37220.1
Spiro2_11365	RDB37219.1
Spiro2_11370	RDB37218.1
Spiro2_11375	RDB37217.1
Spiro2_11380	RDB37216.1
Spiro2_11385	RDB37215.1
Spiro2_11390	RDB36758.1
Spiro2_11395	RDB36757.1
Spiro2_11400	RDB36756.1
Spiro2_11405	RDB36755.1
Spiro2_11410	RDB36754.1
Spiro2_11415	RDB36753.1
Spiro2_11420	RDB36752.1
Spiro2_11425	RDB36675.1
Spiro2_11435	RDB36676.1
Spiro2_11445	RDB36318.1
Spiro2_11455	RDB36319.1
Spiro2_11460	RDB36320.1
Spiro2_11465	RDB36321.1
Spiro2_11470	RDB36322.1
Spiro2_11475	RDB36323.1
Spiro2_11480	RDB36324.1
Spiro2_11485	RDB36325.1
Spiro2_11490	RDB36326.1
Spiro2_11495	RDB36375.1
Spiro2_11500	RDB36327.1
Spiro2_11505	RDB36328.1
Spiro2_11510	RDB36329.1
Spiro2_11515	RDB36330.1
Spiro2_11520	RDB36331.1
Spiro2_11525	RDB36332.1
Spiro2_11530	RDB36333.1
Spiro2_11535	RDB36334.1
Spiro2_11540	RDB36335.1
Spiro2_11545	RDB36336.1
Spiro2_11550	RDB36337.1
Spiro2_11555	RDB36338.1
Spiro2_11560	RDB36339.1
Spiro2_11565	RDB36340.1
Spiro2_11570	RDB36341.1
Spiro2_11575	RDB36342.1
Spiro2_11580	RDB36343.1
Spiro2_11585	RDB36344.1
Spiro2_11590	RDB36345.1
Spiro2_11595	RDB36346.1
Spiro2_11600	RDB36347.1
Spiro2_11605	RDB36348.1
Spiro2_11610	RDB36349.1
Spiro2_11615	RDB36350.1
Spiro2_11620	RDB36351.1
Spiro2_11625	RDB36352.1
Spiro2_11630	RDB36353.1
Spiro2_11635	RDB36354.1
Spiro2_11640	RDB36355.1
Spiro2_11645	RDB36356.1
Spiro2_11650	RDB36357.1
Spiro2_11655	RDB36358.1
Spiro2_11660	RDB36359.1
Spiro2_11665	RDB36360.1
Spiro2_11670	RDB36361.1
Spiro2_11675	RDB36362.1
Spiro2_11680	RDB36363.1
Spiro2_11685	RDB36364.1
Spiro2_11690	RDB36365.1
Spiro2_11695	RDB36366.1
Spiro2_11700	RDB36367.1
Spiro2_11705	RDB36368.1
Spiro2_11710	RDB36369.1
Spiro2_11715	RDB36370.1
Spiro2_11720	RDB36371.1
Spiro2_11725	RDB36372.1
Spiro2_11730	RDB36373.1
Spiro2_11735	RDB36374.1
Spiro2_11740	RDB35252.1
Spiro2_11745	RDB35253.1
Spiro2_11755	RDB35254.1
Spiro2_11760	RDB35255.1
Spiro2_11765	RDB35256.1
Spiro2_11770	RDB35257.1
Spiro2_11775	RDB35258.1
Spiro2_11780	RDB35259.1
Spiro2_11785	RDB35260.1
Spiro2_11790	RDB35261.1
Spiro2_11795	RDB35262.1
Spiro2_11800	RDB35263.1
Spiro2_11805	RDB35264.1
Spiro2_11810	RDB35265.1
Spiro2_11815	RDB35266.1
Spiro2_11820	RDB35267.1
Spiro2_11825	RDB35268.1
Spiro2_11830	RDB35269.1
Spiro2_11835	RDB36671.1
Spiro2_11840	RDB36672.1
Spiro2_11845	RDB36990.1
Spiro2_11850	RDB36989.1
Spiro2_11855	RDB36988.1
Spiro2_11860	RDB36987.1
Spiro2_11865	RDB36986.1
Spiro2_11870	RDB36985.1
Spiro2_11875	RDB36984.1
Spiro2_11880	RDB36983.1
Spiro2_11890	RDB36982.1
Spiro2_11895	RDB36981.1
Spiro2_11900	RDB36980.1
Spiro2_11905	RDB36979.1
Spiro2_11910	RDB36978.1
Spiro2_11915	RDB36977.1
Spiro2_11920	RDB36991.1
Spiro2_11925	RDB36976.1
Spiro2_11930	RDB36975.1
Spiro2_11935	RDB36974.1
Spiro2_11940	RDB36973.1
Spiro2_11950	RDB36972.1
Spiro2_11955	RDB36971.1
Spiro2_11985	RDB35177.1
Spiro2_11990	RDB35164.1
Spiro2_11995	RDB35165.1
Spiro2_12000	RDB35166.1
Spiro2_12010	RDB35167.1
Spiro2_12015	RDB35168.1
Spiro2_12020	RDB35169.1
Spiro2_12025	RDB35170.1
Spiro2_12030	RDB35171.1
Spiro2_12035	RDB35172.1
Spiro2_12040	RDB35173.1
Spiro2_12045	RDB35174.1
Spiro2_12050	RDB35175.1
Spiro2_12055	RDB35176.1
Spiro2_12065	RDB36913.1
Spiro2_12070	RDB36912.1
Spiro2_12075	RDB36911.1
Spiro2_12080	RDB36910.1
Spiro2_12085	RDB36909.1
Spiro2_12090	RDB36908.1
Spiro2_12095	RDB36907.1
Spiro2_12100	RDB36906.1
Spiro2_12105	RDB36905.1
Spiro2_12110	RDB36904.1
Spiro2_12115	RDB36903.1
Spiro2_12120	RDB36902.1
Spiro2_12125	RDB36901.1
Spiro2_12130	RDB36900.1
Spiro2_12135	RDB36899.1
Spiro2_12140	RDB36898.1
Spiro2_12145	RDB37178.1
Spiro2_12150	RDB37177.1
Spiro2_12155	RDB37176.1
Spiro2_12160	RDB37175.1
Spiro2_12165	RDB37174.1
Spiro2_12170	RDB37173.1
Spiro2_12175	RDB37172.1
Spiro2_12180	RDB37171.1
Spiro2_12185	RDB37170.1
Spiro2_12190	RDB37169.1
Spiro2_12195	RDB37168.1
Spiro2_12200	RDB37167.1
Spiro2_12205	RDB37166.1
Spiro2_12210	RDB37165.1
Spiro2_12215	RDB37180.1
Spiro2_12220	RDB37164.1
Spiro2_12225	RDB37163.1
Spiro2_12230	RDB37162.1
Spiro2_12235	RDB37161.1
Spiro2_12240	RDB37160.1
Spiro2_12250	RDB37159.1
Spiro2_12255	RDB37158.1
Spiro2_12260	RDB37157.1
Spiro2_12265	RDB37156.1
Spiro2_12270	RDB37155.1
Spiro2_12275	RDB37154.1
Spiro2_12285	RDB37153.1
Spiro2_12290	RDB37152.1
Spiro2_12295	RDB37179.1
Spiro2_12310	RDB37151.1
Spiro2_12315	RDB37150.1
Spiro2_12320	RDB37149.1
Spiro2_12325	RDB37148.1
Spiro2_12330	RDB37147.1
Spiro2_12335	RDB36163.1
Spiro2_12340	RDB36162.1
Spiro2_12345	RDB36161.1
Spiro2_12350	RDB36160.1
Spiro2_12355	RDB36159.1
Spiro2_12360	RDB36158.1
Spiro2_12375	RDB36157.1
Spiro2_12380	RDB36156.1
Spiro2_12385	RDB36155.1
Spiro2_12390	RDB36154.1
Spiro2_12395	RDB36153.1
Spiro2_12400	RDB36152.1
Spiro2_12405	RDB36151.1
Spiro2_12410	RDB36165.1
Spiro2_12415	RDB36150.1
Spiro2_12420	RDB36149.1
Spiro2_12425	RDB36148.1
Spiro2_12430	RDB36147.1
Spiro2_12435	RDB36146.1
Spiro2_12440	RDB36145.1
Spiro2_12445	RDB36144.1
Spiro2_12450	RDB36143.1
Spiro2_12455	RDB36142.1
Spiro2_12460	RDB36141.1
Spiro2_12465	RDB36140.1
Spiro2_12470	RDB36139.1
Spiro2_12475	RDB36138.1
Spiro2_12480	RDB36137.1
Spiro2_12485	RDB36136.1
Spiro2_12490	RDB36135.1
Spiro2_12495	RDB36134.1
Spiro2_12500	RDB36133.1
Spiro2_12505	RDB36132.1
Spiro2_12510	RDB36131.1
Spiro2_12515	RDB36130.1
Spiro2_12530	RDB36301.1
Spiro2_12535	RDB36129.1
Spiro2_12540	RDB36128.1
Spiro2_12545	RDB36127.1
Spiro2_12550	RDB36126.1
Spiro2_12555	RDB36125.1
Spiro2_12560	RDB36124.1
Spiro2_12565	RDB36123.1
Spiro2_12570	RDB36122.1
Spiro2_12580	RDB36121.1
Spiro2_12585	RDB36783.1
Spiro2_12590	RDB36784.1
Spiro2_12595	RDB36785.1
Spiro2_12600	RDB36786.1
Spiro2_12605	RDB36787.1
Spiro2_12610	RDB36788.1
Spiro2_12615	RDB36789.1
Spiro2_12620	RDB36790.1
Spiro2_12625	RDB36791.1
Spiro2_12630	RDB36792.1
Spiro2_12635	RDB36793.1
Spiro2_12640	RDB36794.1
Spiro2_12655	RDB35657.1
Spiro2_12660	RDB35656.1
Spiro2_12665	RDB35655.1
Spiro2_12670	RDB35654.1
Spiro2_12675	RDB35653.1
Spiro2_12680	RDB35652.1
Spiro2_12685	RDB35651.1
Spiro2_12700	RDB35650.1
Spiro2_12705	RDB35649.1
Spiro2_12710	RDB35648.1
Spiro2_12720	RDB35647.1
Spiro2_12725	RDB35646.1
Spiro2_12730	RDB35645.1
Spiro2_12735	RDB35643.1
Spiro2_12740	RDB35642.1