QOVW01000058.1	96216	142	96214	+	contig_1	2806830	1137988	1235812	92132	97828	60	tp:A:P	cm:i:16640	s1:i:91904	s2:i:65	dv:f:0.0002	rl:i:0
QOVW01000059.1	92519	609	92439	+	contig_1	2806830	769272	875628	85026	106367	60	tp:A:P	cm:i:15393	s1:i:83250	s2:i:0	dv:f:0.0004	rl:i:15
QOVW01000061.1	73544	97	73445	+	contig_1	2806830	1247270	1323745	71390	76490	60	tp:A:P	cm:i:12932	s1:i:71002	s2:i:0	dv:f:0.0002	rl:i:0
QOVW01000060.1	78995	5052	78988	+	contig_1	2806830	1682231	1757286	65134	76222	60	tp:A:P	cm:i:11649	s1:i:64696	s2:i:201	dv:f:0.0005	rl:i:0
QOVW01000062.1	62572	4	62570	+	contig_1	2806830	2538167	2600734	60870	62567	60	tp:A:P	cm:i:11198	s1:i:60870	s2:i:165	dv:f:0.0003	rl:i:0
QOVW01000002.1	62642	9	62546	+	contig_1	2806830	46679	108441	58470	62572	60	tp:A:P	cm:i:10556	s1:i:58357	s2:i:57	dv:f:0.0006	rl:i:0
QOVW01000064.1	55061	106	53756	+	contig_1	2806830	628657	683998	51714	55379	60	tp:A:P	cm:i:9590	s1:i:51496	s2:i:0	dv:f:0.0002	rl:i:0
QOVW01000063.1	57783	323	57777	+	contig_1	2806830	1843349	1903053	51621	59775	60	tp:A:P	cm:i:9229	s1:i:51313	s2:i:63	dv:f:0.0009	rl:i:15
QOVW01000065.1	51590	105	51409	+	contig_1	2806830	717852	769246	47761	51407	60	tp:A:P	cm:i:8571	s1:i:47739	s2:i:0	dv:f:0.0004	rl:i:0
QOVW01000003.1	50290	8	50282	+	contig_1	2806830	161825	212081	47636	50283	60	tp:A:P	cm:i:8505	s1:i:47628	s2:i:664	dv:f:0.0004	rl:i:15
QOVW01000004.1	48614	9	48606	+	contig_1	2806830	2476860	2525457	47534	48598	60	tp:A:P	cm:i:8685	s1:i:47534	s2:i:87	dv:f:0.0002	rl:i:15
QOVW01000067.1	48535	4	47702	+	contig_1	2806830	2173236	2220989	46516	47758	60	tp:A:P	cm:i:8525	s1:i:46503	s2:i:0	dv:f:0.0001	rl:i:0
QOVW01000069.1	47784	18	47655	+	contig_1	2806830	1903137	1951957	46132	48822	60	tp:A:P	cm:i:8359	s1:i:45979	s2:i:0	dv:f:0.0002	rl:i:15
QOVW01000071.1	47026	2	46927	+	contig_1	2806830	1090705	1137622	45131	46926	60	tp:A:P	cm:i:8325	s1:i:45128	s2:i:105	dv:f:0.0003	rl:i:30
QOVW01000066.1	48539	103	48439	+	contig_1	2806830	2727705	2777247	44873	49544	60	tp:A:P	cm:i:8071	s1:i:44722	s2:i:70	dv:f:0.0003	rl:i:15
QOVW01000068.1	47842	110	47189	+	contig_1	2806830	1466788	1514005	43997	47220	60	tp:A:P	cm:i:7794	s1:i:43974	s2:i:61	dv:f:0.0003	rl:i:0
QOVW01000070.1	47029	96	47029	+	contig_1	2806830	1035708	1082720	42986	47033	60	tp:A:P	cm:i:7662	s1:i:42965	s2:i:84	dv:f:0.0005	rl:i:15
QOVW01000072.1	43047	164	43042	+	contig_1	2806830	2431260	2475834	41064	44600	60	tp:A:P	cm:i:7467	s1:i:40848	s2:i:91	dv:f:0.0003	rl:i:0
QOVW01000074.1	41390	107	41282	+	contig_1	2806830	1323759	1364933	40216	41176	60	tp:A:P	cm:i:7261	s1:i:40216	s2:i:0	dv:f:0.0001	rl:i:0
QOVW01000078.1	40124	106	40030	+	contig_1	2806830	895335	935486	37672	40163	60	tp:A:P	cm:i:6938	s1:i:37635	s2:i:0	dv:f:0.0003	rl:i:0
QOVW01000075.1	40953	102	40664	+	contig_1	2806830	1559331	1601979	38268	42654	60	tp:A:P	cm:i:6926	s1:i:38004	s2:i:40	dv:f:0.0004	rl:i:0
QOVW01000077.1	40529	369	40413	+	contig_1	2806830	2017196	2061921	37872	44762	60	tp:A:P	cm:i:6792	s1:i:37288	s2:i:0	dv:f:0.0004	rl:i:16
QOVW01000005.1	36469	6	36460	+	contig_1	2806830	417144	453595	35846	36478	60	tp:A:P	cm:i:6552	s1:i:35836	s2:i:76	dv:f:0.0001	rl:i:0
QOVW01000081.1	38004	100	37905	+	contig_1	2806830	935490	973294	35174	37805	60	tp:A:P	cm:i:6242	s1:i:35174	s2:i:0	dv:f:0.0005	rl:i:15
QOVW01000080.1	39038	24	37227	+	contig_1	2806830	1803403	1842319	35448	38930	60	tp:A:P	cm:i:6391	s1:i:35233	s2:i:0	dv:f:0.0002	rl:i:15
QOVW01000073.1	41642	5137	41538	+	contig_1	2806830	1514006	1552288	35028	38283	60	tp:A:P	cm:i:6380	s1:i:34797	s2:i:0	dv:f:0.0003	rl:i:15
QOVW01000006.1	35674	377	35560	+	contig_1	2806830	2691331	2727683	34194	36368	60	tp:A:P	cm:i:6255	s1:i:34043	s2:i:0	dv:f:0.0003	rl:i:0
QOVW01000084.1	33609	103	33312	+	contig_1	2806830	999318	1032554	31943	33239	60	tp:A:P	cm:i:5756	s1:i:31936	s2:i:0	dv:f:0.0002	rl:i:0
QOVW01000083.1	34410	576	33066	+	contig_1	2806830	1953167	1985655	31627	32491	60	tp:A:P	cm:i:5829	s1:i:31627	s2:i:0	dv:f:0.0001	rl:i:76
QOVW01000085.1	31778	98	31684	+	contig_1	2806830	108438	140035	30385	31598	60	tp:A:P	cm:i:5464	s1:i:30382	s2:i:167	dv:f:0.0002	rl:i:0
QOVW01000007.1	30955	103	30862	+	contig_1	2806830	242476	273229	30088	30759	60	tp:A:P	cm:i:5585	s1:i:30086	s2:i:0	dv:f:0.0002	rl:i:0
QOVW01000076.1	40915	3147	40820	+	contig_1	2806830	1386738	1423393	30255	37762	60	tp:A:P	cm:i:5292	s1:i:30100	s2:i:0	dv:f:0.0007	rl:i:0
QOVW01000086.1	31712	97	31708	+	contig_1	2806830	2139793	2173251	30219	33552	60	tp:A:P	cm:i:5523	s1:i:29963	s2:i:0	dv:f:0.0004	rl:i:0
QOVW01000008.1	30220	110	30102	+	contig_1	2806830	559361	589298	28679	29999	60	tp:A:P	cm:i:5293	s1:i:28666	s2:i:0	dv:f:0.0003	rl:i:0
QOVW01000010.1	29431	9	29429	+	contig_1	2806830	387589	417009	28520	29420	60	tp:A:P	cm:i:5217	s1:i:28520	s2:i:72	dv:f:0.0003	rl:i:0
QOVW01000009.1	29435	6	29325	+	contig_1	2806830	212091	242455	28293	30364	60	tp:A:P	cm:i:5163	s1:i:28162	s2:i:1144	dv:f:0.0004	rl:i:15
QOVW01000088.1	28794	6	28693	+	contig_1	2806830	482017	511603	27613	29586	60	tp:A:P	cm:i:5015	s1:i:27500	s2:i:0	dv:f:0.0004	rl:i:15
QOVW01000082.1	36453	293	36337	+	contig_1	2806830	1426819	1465314	26797	38518	60	tp:A:P	cm:i:4524	s1:i:26481	s2:i:0	dv:f:0.0010	rl:i:15
QOVW01000011.1	27770	97	27710	+	contig_1	2806830	1757299	1784910	25552	27614	60	tp:A:P	cm:i:4496	s1:i:25551	s2:i:0	dv:f:0.0004	rl:i:15
QOVW01000089.1	28259	662	28159	+	contig_1	2806830	529610	559344	26232	29734	60	tp:A:P	cm:i:4775	s1:i:25953	s2:i:112	dv:f:0.0003	rl:i:0
QOVW01000013.1	25999	98	25975	+	contig_1	2806830	273251	299146	24442	25902	60	tp:A:P	cm:i:4418	s1:i:24436	s2:i:82	dv:f:0.0004	rl:i:0
QOVW01000090.1	25056	8	25047	+	contig_1	2806830	357435	382484	24169	25050	60	tp:A:P	cm:i:4398	s1:i:24166	s2:i:86	dv:f:0.0003	rl:i:0
QOVW01000014.1	23958	5	23950	+	contig_1	2806830	2624403	2648348	23486	23945	60	tp:A:P	cm:i:4287	s1:i:23486	s2:i:66	dv:f:0.0003	rl:i:0
QOVW01000087.1	29558	2778	29337	+	contig_1	2806830	1985917	2014235	23815	28329	60	tp:A:P	cm:i:4307	s1:i:23586	s2:i:0	dv:f:0.0007	rl:i:0
QOVW01000079.1	39228	96	23322	-	contig_1	2806830	8	23236	22013	23235	60	tp:A:P	cm:i:4011	s1:i:22009	s2:i:0	dv:f:0.0002	rl:i:15
QOVW01000093.1	21529	98	21522	+	contig_1	2806830	2601016	2622440	21242	21424	60	tp:A:P	cm:i:3909	s1:i:21242	s2:i:0	dv:f:0.0001	rl:i:0
QOVW01000015.1	23380	19	23370	+	contig_1	2806830	330795	354135	20945	23352	60	tp:A:P	cm:i:3585	s1:i:20942	s2:i:247	dv:f:0.0012	rl:i:0
QOVW01000018.1	19450	96	18915	+	contig_1	2806830	2671825	2690644	18498	18819	60	tp:A:P	cm:i:3374	s1:i:18498	s2:i:0	dv:f:0.0001	rl:i:15
QOVW01000019.1	19289	573	19193	+	contig_1	2806830	2345291	2363912	18081	18621	60	tp:A:P	cm:i:3276	s1:i:18081	s2:i:0	dv:f:0.0003	rl:i:0
QOVW01000012.1	27680	93	18008	+	contig_1	2806830	511608	529526	17204	17918	60	tp:A:P	cm:i:3085	s1:i:17203	s2:i:0	dv:f:0.0006	rl:i:43
QOVW01000022.1	17951	97	17730	+	contig_1	2806830	597229	614879	17034	17650	60	tp:A:P	cm:i:3091	s1:i:17030	s2:i:0	dv:f:0.0004	rl:i:0
QOVW01000094.1	16835	97	16737	+	contig_1	2806830	23239	39892	16314	16653	60	tp:A:P	cm:i:3024	s1:i:16311	s2:i:0	dv:f:0.0001	rl:i:0
QOVW01000023.1	16421	97	16415	+	contig_1	2806830	2119667	2135985	15839	16318	60	tp:A:P	cm:i:2866	s1:i:15839	s2:i:163	dv:f:0.0003	rl:i:0
QOVW01000091.1	22029	100	21926	+	contig_1	2806830	973301	993587	16649	22327	60	tp:A:P	cm:i:2802	s1:i:16335	s2:i:0	dv:f:0.0022	rl:i:0
QOVW01000098.1	16207	9	16106	+	contig_1	2806830	2246984	2263045	15627	16097	60	tp:A:P	cm:i:2884	s1:i:15621	s2:i:85	dv:f:0.0003	rl:i:15
QOVW01000079.1	39228	23336	39219	-	contig_1	2806830	2790941	2806824	15608	15883	60	tp:A:P	cm:i:2908	s1:i:15608	s2:i:97	dv:f:0.0002	rl:i:15
QOVW01000020.1	18444	266	18351	+	contig_1	2806830	303135	321413	15332	18308	60	tp:A:P	cm:i:2705	s1:i:15290	s2:i:0	dv:f:0.0009	rl:i:0
QOVW01000099.1	15984	1	15881	+	contig_1	2806830	2653361	2670267	15552	16907	60	tp:A:P	cm:i:2835	s1:i:15424	s2:i:85	dv:f:0.0003	rl:i:0
QOVW01000092.1	21849	2482	21753	+	contig_1	2806830	2307260	2326497	15074	19287	60	tp:A:P	cm:i:2567	s1:i:15062	s2:i:0	dv:f:0.0015	rl:i:0
QOVW01000024.1	15540	100	15531	+	contig_1	2806830	140035	155466	14715	15432	60	tp:A:P	cm:i:2651	s1:i:14715	s2:i:0	dv:f:0.0005	rl:i:0
QOVW01000096.1	16681	1534	16582	+	contig_1	2806830	702790	717837	14390	15048	60	tp:A:P	cm:i:2590	s1:i:14390	s2:i:0	dv:f:0.0005	rl:i:0
QOVW01000097.1	16297	2434	16192	+	contig_1	2806830	614886	628644	13365	13767	60	tp:A:P	cm:i:2470	s1:i:13361	s2:i:0	dv:f:0.0004	rl:i:0
QOVW01000100.1	14752	287	14652	+	contig_1	2806830	879464	895014	13256	15584	60	tp:A:P	cm:i:2396	s1:i:13095	s2:i:272	dv:f:0.0006	rl:i:15
QOVW01000016.1	23267	4	23168	+	contig_1	2806830	458694	480755	15232	28071	60	tp:A:P	cm:i:2774	s1:i:13902	s2:i:126	dv:f:0.0032	rl:i:0
QOVW01000026.1	12293	115	12284	+	contig_1	2806830	2777269	2789454	11954	12188	60	tp:A:P	cm:i:2215	s1:i:11949	s2:i:111	dv:f:0.0001	rl:i:0
QOVW01000017.1	19982	97	13855	+	contig_1	2806830	2265193	2280150	11264	14960	60	tp:A:P	cm:i:1980	s1:i:11114	s2:i:0	dv:f:0.0014	rl:i:0
QOVW01000101.1	13406	2394	13401	+	contig_1	2806830	689857	700872	10518	11015	60	tp:A:P	cm:i:1897	s1:i:10516	s2:i:0	dv:f:0.0002	rl:i:45
QOVW01000030.1	9264	8	9168	+	contig_1	2806830	2525437	2534597	8966	9160	60	tp:A:P	cm:i:1626	s1:i:8966	s2:i:0	dv:f:0.0004	rl:i:0
QOVW01000028.1	9958	2	9857	+	contig_1	2806830	1237366	1247270	8956	9904	60	tp:A:P	cm:i:1626	s1:i:8948	s2:i:81	dv:f:0.0009	rl:i:0
QOVW01000104.1	10298	9	10254	+	contig_1	2806830	2063832	2076003	9639	12287	60	tp:A:P	cm:i:1741	s1:i:9363	s2:i:161	dv:f:0.0005	rl:i:15
QOVW01000021.1	18286	6687	18182	+	contig_1	2806830	1784912	1795036	8780	11501	60	tp:A:P	cm:i:1465	s1:i:8603	s2:i:0	dv:f:0.0025	rl:i:15
QOVW01000103.1	11902	103	11042	+	contig_1	2806830	2332185	2345282	8986	13173	60	tp:A:P	cm:i:1568	s1:i:8688	s2:i:0	dv:f:0.0014	rl:i:108
QOVW01000108.1	8468	97	8462	+	contig_1	2806830	1795042	1803418	8004	8377	60	tp:A:P	cm:i:1414	s1:i:8002	s2:i:0	dv:f:0.0007	rl:i:0
QOVW01000095.1	16722	459	13786	+	contig_1	2806830	2076803	2091176	8087	14427	60	tp:A:P	cm:i:1409	s1:i:7934	s2:i:0	dv:f:0.0024	rl:i:0
QOVW01000031.1	8100	100	7997	+	contig_1	2806830	589324	597221	7743	7897	60	tp:A:P	cm:i:1405	s1:i:7743	s2:i:0	dv:f:0.0001	rl:i:0
QOVW01000025.1	12403	94	12302	+	contig_1	2806830	1605508	1621796	8393	16296	60	tp:A:P	cm:i:1442	s1:i:7885	s2:i:455	dv:f:0.0059	rl:i:15
QOVW01000102.1	12798	101	7724	+	contig_1	2806830	2106191	2113814	7320	7623	60	tp:A:P	cm:i:1320	s1:i:7320	s2:i:0	dv:f:0.0004	rl:i:0
QOVW01000105.1	9815	99	9725	+	contig_1	2806830	321415	329510	7087	9626	60	tp:A:P	cm:i:1276	s1:i:6896	s2:i:0	dv:f:0.0018	rl:i:0
QOVW01000032.1	8041	7	8041	+	contig_1	2806830	2368663	2381311	7598	12648	60	tp:A:P	cm:i:1343	s1:i:7033	s2:i:46	dv:f:0.0008	rl:i:0
QOVW01000110.1	6764	101	6653	+	contig_1	2806830	2223635	2230196	6355	6561	60	tp:A:P	cm:i:1136	s1:i:6353	s2:i:0	dv:f:0.0002	rl:i:30
QOVW01000109.1	7482	5	7383	+	contig_1	2806830	2405987	2413531	6288	7559	60	tp:A:P	cm:i:1072	s1:i:6260	s2:i:0	dv:f:0.0014	rl:i:0
QOVW01000027.1	10543	3	10532	+	contig_1	2806830	2381272	2389557	6348	10552	60	tp:A:P	cm:i:1157	s1:i:6059	s2:i:243	dv:f:0.0038	rl:i:0
QOVW01000107.1	9616	63	8013	-	contig_1	2806830	1643573	1651513	5649	7959	60	tp:A:P	cm:i:929	s1:i:5642	s2:i:96	dv:f:0.0034	rl:i:0
QOVW01000112.1	5913	119	5818	+	contig_1	2806830	993612	999311	5390	5699	60	tp:A:P	cm:i:942	s1:i:5390	s2:i:0	dv:f:0.0005	rl:i:0
QOVW01000036.1	5458	100	5458	+	contig_1	2806830	39893	45251	5309	5358	60	tp:A:P	cm:i:972	s1:i:5309	s2:i:0	dv:f:0.0001	rl:i:0
QOVW01000125.1	5274	5	5266	-	contig_1	2806830	2241809	2247069	5160	5262	0	tp:A:P	cm:i:938	s1:i:5160	s2:i:5156	dv:f:0.0010	rl:i:0
QOVW01000125.1	5274	5	5266	+	contig_1	2806830	382407	387666	5156	5261	0	tp:A:S	cm:i:935	s1:i:5156	dv:f:0.0012	rl:i:0
QOVW01000125.1	5274	5	5266	+	contig_1	2806830	453510	458771	5155	5263	0	tp:A:S	cm:i:933	s1:i:5155	dv:f:0.0013	rl:i:0
QOVW01000125.1	5274	5	5266	-	contig_1	2806830	2648265	2653446	4959	5262	0	tp:A:S	cm:i:895	s1:i:4947	dv:f:0.0041	rl:i:0
QOVW01000060.1	78995	2	4988	+	contig_1	2806830	1654881	1659851	4535	4986	60	tp:A:P	cm:i:778	s1:i:4532	s2:i:63	dv:f:0.0008	rl:i:0
QOVW01000033.1	7681	137	7681	+	contig_1	2806830	1083050	1090783	4466	7748	60	tp:A:P	cm:i:668	s1:i:4429	s2:i:410	dv:f:0.0064	rl:i:0
QOVW01000038.1	4573	99	4566	+	contig_1	2806830	2363897	2368383	4383	4486	60	tp:A:P	cm:i:812	s1:i:4379	s2:i:0	dv:f:0.0002	rl:i:30
QOVW01000037.1	4614	41	4521	+	contig_1	2806830	2424501	2429999	4303	5507	60	tp:A:P	cm:i:774	s1:i:4173	s2:i:146	dv:f:0.0013	rl:i:0
QOVW01000113.1	5610	5	4940	-	contig_1	2806830	2401713	2405914	3632	4936	60	tp:A:P	cm:i:626	s1:i:3538	s2:i:128	dv:f:0.0031	rl:i:0
QOVW01000039.1	4560	1084	4555	+	contig_1	2806830	1629449	1632921	3212	3472	60	tp:A:P	cm:i:584	s1:i:3212	s2:i:40	dv:f:0.0010	rl:i:15
QOVW01000040.1	3761	102	3661	+	contig_1	2806830	2095082	2098642	3134	3560	60	tp:A:P	cm:i:559	s1:i:3134	s2:i:0	dv:f:0.0012	rl:i:0
QOVW01000035.1	5699	2573	5601	+	contig_1	2806830	2136767	2139796	2859	3029	60	tp:A:P	cm:i:505	s1:i:2859	s2:i:0	dv:f:0.0005	rl:i:19
QOVW01000095.1	16722	14019	16703	+	contig_1	2806830	2285585	2288269	2444	2684	60	tp:A:P	cm:i:417	s1:i:2444	s2:i:0	dv:f:0.0019	rl:i:0
QOVW01000043.1	2895	7	2887	+	contig_1	2806830	157365	160260	2395	2898	60	tp:A:P	cm:i:389	s1:i:2390	s2:i:64	dv:f:0.0032	rl:i:0
QOVW01000045.1	2347	98	2243	+	contig_1	2806830	2263046	2265191	1997	2145	60	tp:A:P	cm:i:365	s1:i:1997	s2:i:0	dv:f:0.0011	rl:i:0
QOVW01000107.1	9616	7328	9564	+	contig_1	2806830	1671932	1674168	1883	2236	60	tp:A:P	cm:i:319	s1:i:1883	s2:i:677	dv:f:0.0069	rl:i:0
QOVW01000076.1	40915	150	2107	+	contig_1	2806830	877246	879301	1894	2055	0	tp:A:P	cm:i:340	s1:i:1879	s2:i:1875	dv:f:0.0015	rl:i:0
QOVW01000076.1	40915	150	2103	-	contig_1	2806830	2375575	2377626	1890	2051	0	tp:A:S	cm:i:339	s1:i:1875	dv:f:0.0016	rl:i:0
QOVW01000029.1	9456	296	2469	-	contig_1	2806830	1369611	1371786	1835	2176	60	tp:A:P	cm:i:300	s1:i:1834	s2:i:0	dv:f:0.0022	rl:i:15
QOVW01000076.1	40915	150	2103	+	contig_1	2806830	2281848	2283899	1876	2052	0	tp:A:S	cm:i:332	s1:i:1861	dv:f:0.0029	rl:i:0
QOVW01000046.1	2167	129	1994	+	contig_1	2806830	685597	687459	1749	1865	60	tp:A:P	cm:i:306	s1:i:1748	s2:i:0	dv:f:0.0009	rl:i:0
QOVW01000111.1	6723	875	3137	+	contig_1	2806830	2302836	2305098	1628	2262	60	tp:A:P	cm:i:250	s1:i:1628	s2:i:0	dv:f:0.0016	rl:i:43
QOVW01000044.1	2550	25	1716	+	contig_1	2806830	300528	302219	1612	1691	60	tp:A:P	cm:i:297	s1:i:1612	s2:i:67	dv:f:0.0013	rl:i:0
QOVW01000052.1	1619	4	1619	+	contig_1	2806830	2622882	2624497	1579	1615	60	tp:A:P	cm:i:291	s1:i:1579	s2:i:0	dv:f:0.0002	rl:i:0
QOVW01000114.1	4992	3	2025	+	contig_1	2806830	354180	356182	1559	2022	60	tp:A:P	cm:i:260	s1:i:1555	s2:i:162	dv:f:0.0028	rl:i:0
QOVW01000050.1	1785	97	1687	+	contig_1	2806830	2534600	2536189	1536	1590	60	tp:A:P	cm:i:287	s1:i:1536	s2:i:0	dv:f:0.0014	rl:i:0
QOVW01000049.1	1805	100	1799	+	contig_1	2806830	2536196	2537904	1480	1715	60	tp:A:P	cm:i:265	s1:i:1473	s2:i:101	dv:f:0.0039	rl:i:0
QOVW01000119.1	1673	8	1665	+	contig_1	2806830	160215	161870	1362	1657	60	tp:A:P	cm:i:234	s1:i:1361	s2:i:601	dv:f:0.0011	rl:i:0
QOVW01000048.1	1817	389	1809	+	contig_1	2806830	2416756	2418176	1351	1420	60	tp:A:P	cm:i:236	s1:i:1351	s2:i:100	dv:f:0.0022	rl:i:0
QOVW01000116.1	3362	134	3269	+	contig_1	2806830	1033982	1035709	1483	3135	60	tp:A:P	cm:i:263	s1:i:1309	s2:i:0	dv:f:0.0046	rl:i:0
QOVW01000001.1	62907	43692	47204	-	contig_1	2806830	2327670	2331169	1190	3518	60	tp:A:P	cm:i:133	s1:i:1184	s2:i:0	dv:f:0.0185	rl:i:15
QOVW01000054.1	1404	94	1303	+	contig_1	2806830	480761	481970	1147	1209	60	tp:A:P	cm:i:216	s1:i:1147	s2:i:0	dv:f:0.0009	rl:i:0
QOVW01000056.1	1178	8	1178	+	contig_1	2806830	2390162	2391332	1129	1170	60	tp:A:P	cm:i:203	s1:i:1129	s2:i:167	dv:f:0.0010	rl:i:0
QOVW01000047.1	1835	95	1231	+	contig_1	2806830	2429997	2431133	995	1136	60	tp:A:P	cm:i:161	s1:i:995	s2:i:120	dv:f:0.0040	rl:i:30
QOVW01000034.1	6595	5543	6495	+	contig_1	2806830	2113784	2114736	947	952	60	tp:A:P	cm:i:173	s1:i:947	s2:i:0	dv:f:0.0008	rl:i:0
QOVW01000122.1	1405	430	1400	-	contig_1	2806830	2135913	2136919	912	1006	60	tp:A:P	cm:i:166	s1:i:906	s2:i:392	dv:f:0.0020	rl:i:0
QOVW01000121.1	1561	279	1561	+	contig_1	2806830	1653568	1654808	706	1282	60	tp:A:P	cm:i:105	s1:i:699	s2:i:280	dv:f:0.0171	rl:i:0
QOVW01000103.1	11902	11044	11896	-	contig_1	2806830	1033128	1033980	678	852	7	tp:A:P	cm:i:112	s1:i:678	s2:i:657	dv:f:0.0184	rl:i:108
QOVW01000103.1	11902	11041	11880	-	contig_1	2806830	1607578	1608418	657	840	0	tp:A:S	cm:i:106	s1:i:657	dv:f:0.0216	rl:i:108
QOVW01000055.1	1214	454	1108	+	contig_1	2806830	2114741	2115395	654	654	60	tp:A:P	cm:i:123	s1:i:654	s2:i:0	dv:f:0.0011	rl:i:0
QOVW01000118.1	2263	3	2035	+	contig_1	2806830	354180	356353	662	2178	60	tp:A:P	cm:i:87	s1:i:638	s2:i:407	dv:f:0.0149	rl:i:0
QOVW01000123.1	1349	22	1322	+	contig_1	2806830	155766	157062	606	1300	60	tp:A:P	cm:i:75	s1:i:605	s2:i:178	dv:f:0.0128	rl:i:0
QOVW01000041.1	3067	98	766	+	contig_1	2806830	2061942	2062610	573	668	60	tp:A:P	cm:i:98	s1:i:573	s2:i:0	dv:f:0.0040	rl:i:0
QOVW01000120.1	1623	3	1520	+	contig_1	2806830	1464564	1466770	638	2206	60	tp:A:P	cm:i:94	s1:i:550	s2:i:95	dv:f:0.0041	rl:i:0
QOVW01000083.1	34410	3	551	-	contig_1	2806830	2378932	2379480	543	548	60	tp:A:P	cm:i:91	s1:i:543	s2:i:391	dv:f:0.0029	rl:i:76
QOVW01000115.1	4099	134	693	+	contig_1	2806830	2377631	2378190	532	559	0	tp:A:P	cm:i:93	s1:i:532	s2:i:525	dv:f:0.0061	rl:i:0
QOVW01000115.1	4099	134	686	-	contig_1	2806830	876689	877241	525	552	0	tp:A:S	cm:i:92	s1:i:525	dv:f:0.0062	rl:i:0
QOVW01000115.1	4099	134	686	-	contig_1	2806830	2281291	2281843	523	552	0	tp:A:S	cm:i:93	s1:i:523	dv:f:0.0055	rl:i:0
QOVW01000041.1	3067	2381	3063	+	contig_1	2806830	2135793	2136475	476	682	42	tp:A:P	cm:i:59	s1:i:476	s2:i:394	dv:f:0.0225	rl:i:0
QOVW01000019.1	19289	8	537	-	contig_1	2806830	1032589	1033118	457	529	9	tp:A:P	cm:i:80	s1:i:457	s2:i:440	dv:f:0.0134	rl:i:0
QOVW01000019.1	19289	34	551	-	contig_1	2806830	1607009	1607526	440	517	0	tp:A:S	cm:i:70	s1:i:440	dv:f:0.0202	rl:i:0
QOVW01000083.1	34410	33103	34078	+	contig_1	2806830	2658878	2659855	440	977	0	tp:A:P	cm:i:61	s1:i:440	s2:i:440	dv:f:0.0101	rl:i:76
QOVW01000083.1	34410	33103	34078	-	contig_1	2806830	2340143	2341120	440	977	0	tp:A:S	cm:i:61	s1:i:440	dv:f:0.0101	rl:i:76
QOVW01000083.1	34410	33103	34078	+	contig_1	2806830	1556102	1557079	440	977	0	tp:A:S	cm:i:61	s1:i:440	dv:f:0.0101	rl:i:76
QOVW01000083.1	34410	33103	34078	+	contig_1	2806830	2014947	2015924	440	977	0	tp:A:S	cm:i:61	s1:i:440	dv:f:0.0101	rl:i:76
QOVW01000083.1	34410	33103	34078	-	contig_1	2806830	837990	838967	440	977	0	tp:A:S	cm:i:61	s1:i:440	dv:f:0.0101	rl:i:76
QOVW01000083.1	34410	33103	34078	-	contig_1	2806830	2221317	2222294	440	977	0	tp:A:S	cm:i:61	s1:i:440	dv:f:0.0101	rl:i:76
QOVW01000041.1	3067	2396	3063	+	contig_1	2806830	2391124	2391791	394	667	0	tp:A:S	cm:i:51	s1:i:394	dv:f:0.0296	rl:i:0
QOVW01000111.1	6723	8	761	+	contig_1	2806830	2400927	2401680	394	753	0	tp:A:P	cm:i:49	s1:i:394	s2:i:394	dv:f:0.0089	rl:i:43
QOVW01000111.1	6723	8	761	+	contig_1	2806830	2221540	2222293	394	753	0	tp:A:S	cm:i:49	s1:i:394	dv:f:0.0089	rl:i:43
QOVW01000111.1	6723	8	761	-	contig_1	2806830	2658879	2659632	394	753	0	tp:A:S	cm:i:49	s1:i:394	dv:f:0.0089	rl:i:43
QOVW01000111.1	6723	8	761	-	contig_1	2806830	1599805	1600558	394	753	0	tp:A:S	cm:i:49	s1:i:394	dv:f:0.0089	rl:i:43
QOVW01000111.1	6723	8	761	+	contig_1	2806830	1931984	1932737	394	753	0	tp:A:S	cm:i:49	s1:i:394	dv:f:0.0089	rl:i:43
QOVW01000111.1	6723	8	761	-	contig_1	2806830	2395040	2395794	394	754	0	tp:A:S	cm:i:49	s1:i:394	dv:f:0.0089	rl:i:43
QOVW01000012.1	27680	19445	20482	+	contig_1	2806830	211574	212740	414	1166	25	tp:A:P	cm:i:55	s1:i:396	s2:i:353	dv:f:0.0230	rl:i:43
QOVW01000041.1	3067	2381	3063	+	contig_1	2806830	2389284	2389966	381	682	0	tp:A:S	cm:i:44	s1:i:381	dv:f:0.0414	rl:i:0
QOVW01000012.1	27680	19445	20482	-	contig_1	2806830	1874056	1875222	371	1166	0	tp:A:S	cm:i:48	s1:i:353	dv:f:0.0318	rl:i:43
QOVW01000096.1	16681	4	463	-	contig_1	2806830	2378955	2379469	346	514	5	tp:A:P	cm:i:51	s1:i:337	s2:i:329	dv:f:0.0160	rl:i:0
QOVW01000096.1	16681	11	498	-	contig_1	2806830	804599	805141	338	542	0	tp:A:S	cm:i:50	s1:i:329	dv:f:0.0193	rl:i:0
QOVW01000055.1	1214	11	448	-	contig_1	2806830	804599	805141	345	542	14	tp:A:P	cm:i:48	s1:i:330	s2:i:310	dv:f:0.0169	rl:i:0
QOVW01000012.1	27680	25978	26847	-	contig_1	2806830	2427717	2428603	305	887	0	tp:A:P	cm:i:37	s1:i:301	s2:i:301	dv:f:0.0212	rl:i:43
QOVW01000012.1	27680	25978	26847	+	contig_1	2806830	1556225	1557111	305	887	0	tp:A:S	cm:i:37	s1:i:301	dv:f:0.0212	rl:i:43
QOVW01000012.1	27680	25978	26847	-	contig_1	2806830	1931729	1932615	305	887	0	tp:A:S	cm:i:37	s1:i:301	dv:f:0.0212	rl:i:43
QOVW01000012.1	27680	25978	26847	+	contig_1	2806830	2015070	2015956	305	887	0	tp:A:S	cm:i:37	s1:i:301	dv:f:0.0212	rl:i:43
QOVW01000012.1	27680	25978	26844	-	contig_1	2806830	1175028	1175911	305	884	0	tp:A:S	cm:i:37	s1:i:301	dv:f:0.0199	rl:i:43
QOVW01000055.1	1214	4	413	-	contig_1	2806830	2378955	2379469	325	514	0	tp:A:S	cm:i:45	s1:i:310	dv:f:0.0190	rl:i:0
QOVW01000075.1	40953	40484	40858	+	contig_1	2806830	1605125	1605511	274	386	60	tp:A:P	cm:i:39	s1:i:260	s2:i:0	dv:f:0.0095	rl:i:0
QOVW01000087.1	29558	67	2765	+	contig_1	2806830	1633383	1636283	272	2900	51	tp:A:P	cm:i:29	s1:i:244	s2:i:187	dv:f:0.0828	rl:i:0
QOVW01000113.1	5610	5176	5591	+	contig_1	2806830	2378955	2379674	293	719	40	tp:A:P	cm:i:39	s1:i:253	s2:i:207	dv:f:0.0065	rl:i:0
QOVW01000106.1	9651	9202	9631	+	contig_1	2806830	2414003	2414430	230	429	49	tp:A:P	cm:i:30	s1:i:230	s2:i:178	dv:f:0.0156	rl:i:0
QOVW01000114.1	4992	4306	4786	+	contig_1	2806830	353437	353917	225	480	60	tp:A:P	cm:i:28	s1:i:225	s2:i:58	dv:f:0.0392	rl:i:0
QOVW01000012.1	27680	18281	19672	-	contig_1	2806830	2393929	2395432	227	1541	19	tp:A:P	cm:i:25	s1:i:199	s2:i:181	dv:f:0.0617	rl:i:43
QOVW01000122.1	1405	8	304	+	contig_1	2806830	1633369	1633665	206	296	60	tp:A:P	cm:i:29	s1:i:206	s2:i:76	dv:f:0.0023	rl:i:0
QOVW01000113.1	5610	5141	5601	+	contig_1	2806830	804599	805363	247	764	0	tp:A:S	cm:i:33	s1:i:207	dv:f:0.0233	rl:i:0
QOVW01000114.1	4992	4622	4900	+	contig_1	2806830	356189	356467	203	278	60	tp:A:P	cm:i:29	s1:i:193	s2:i:49	dv:f:0.0086	rl:i:0
QOVW01000029.1	9456	17	278	-	contig_1	2806830	2340120	2340381	196	261	0	tp:A:P	cm:i:27	s1:i:196	s2:i:196	dv:f:0.0133	rl:i:15
QOVW01000029.1	9456	17	278	+	contig_1	2806830	1740055	1740316	196	261	0	tp:A:S	cm:i:27	s1:i:196	dv:f:0.0133	rl:i:15
QOVW01000029.1	9456	17	278	+	contig_1	2806830	2659617	2659878	196	261	0	tp:A:S	cm:i:27	s1:i:196	dv:f:0.0133	rl:i:15
QOVW01000029.1	9456	17	278	+	contig_1	2806830	1600543	1600804	196	261	0	tp:A:S	cm:i:27	s1:i:196	dv:f:0.0133	rl:i:15
QOVW01000029.1	9456	17	278	-	contig_1	2806830	217423	217684	196	261	0	tp:A:S	cm:i:27	s1:i:196	dv:f:0.0133	rl:i:15
QOVW01000029.1	9456	17	278	+	contig_1	2806830	2395779	2396040	196	261	0	tp:A:S	cm:i:27	s1:i:196	dv:f:0.0133	rl:i:15
QOVW01000117.1	2279	2034	2271	+	contig_1	2806830	2400734	2400972	172	238	0	tp:A:P	cm:i:22	s1:i:172	s2:i:172	dv:f:0.0136	rl:i:18
QOVW01000117.1	2279	2034	2271	-	contig_1	2806830	1740025	1740263	172	238	0	tp:A:S	cm:i:22	s1:i:172	dv:f:0.0136	rl:i:18
QOVW01000117.1	2279	2034	2271	+	contig_1	2806830	2221347	2221585	172	238	0	tp:A:S	cm:i:22	s1:i:172	dv:f:0.0136	rl:i:18
QOVW01000117.1	2279	2034	2271	+	contig_1	2806830	1175087	1175325	172	238	0	tp:A:S	cm:i:22	s1:i:172	dv:f:0.0136	rl:i:18
QOVW01000117.1	2279	2034	2271	-	contig_1	2806830	2015656	2015894	172	238	0	tp:A:S	cm:i:22	s1:i:172	dv:f:0.0136	rl:i:18
QOVW01000117.1	2279	2034	2271	+	contig_1	2806830	2427779	2428017	172	238	0	tp:A:S	cm:i:22	s1:i:172	dv:f:0.0136	rl:i:18
QOVW01000111.1	6723	5192	5500	+	contig_1	2806830	2292342	2292650	164	308	50	tp:A:P	cm:i:21	s1:i:164	s2:i:123	dv:f:0.0089	rl:i:43
QOVW01000077.1	40529	5	292	+	contig_1	2806830	217645	218376	208	731	0	tp:A:P	cm:i:24	s1:i:151	s2:i:151	dv:f:0.0169	rl:i:16
QOVW01000077.1	40529	5	292	+	contig_1	2806830	2400903	2401634	208	731	0	tp:A:S	cm:i:24	s1:i:151	dv:f:0.0169	rl:i:16
QOVW01000077.1	40529	5	292	-	contig_1	2806830	1739363	1740094	208	731	0	tp:A:S	cm:i:25	s1:i:151	dv:f:0.0142	rl:i:16
QOVW01000077.1	40529	5	292	+	contig_1	2806830	1175256	1175987	208	731	0	tp:A:S	cm:i:24	s1:i:151	dv:f:0.0169	rl:i:16
QOVW01000077.1	40529	5	292	-	contig_1	2806830	2014994	2015725	208	731	0	tp:A:S	cm:i:25	s1:i:151	dv:f:0.0142	rl:i:16
QOVW01000077.1	40529	5	292	-	contig_1	2806830	2395086	2395818	208	732	0	tp:A:S	cm:i:25	s1:i:151	dv:f:0.0142	rl:i:16
QOVW01000115.1	4099	1837	2046	-	contig_1	2806830	1386193	1386402	153	209	60	tp:A:P	cm:i:19	s1:i:153	s2:i:0	dv:f:0.0155	rl:i:0
QOVW01000097.1	16297	22	679	-	contig_1	2806830	2389477	2390134	143	657	30	tp:A:P	cm:i:14	s1:i:143	s2:i:121	dv:f:0.0379	rl:i:0
QOVW01000124.1	1197	1021	1181	+	contig_1	2806830	837961	838121	135	160	0	tp:A:P	cm:i:17	s1:i:135	s2:i:135	dv:f:0.0140	rl:i:30
QOVW01000124.1	1197	1021	1181	+	contig_1	2806830	1175028	1175188	135	160	0	tp:A:S	cm:i:17	s1:i:135	dv:f:0.0140	rl:i:30
QOVW01000124.1	1197	1021	1181	-	contig_1	2806830	1740162	1740322	135	160	0	tp:A:S	cm:i:17	s1:i:135	dv:f:0.0140	rl:i:30
QOVW01000124.1	1197	1021	1181	+	contig_1	2806830	2400675	2400835	135	160	0	tp:A:S	cm:i:17	s1:i:135	dv:f:0.0140	rl:i:30
QOVW01000124.1	1197	1027	1181	-	contig_1	2806830	2659724	2659878	129	154	0	tp:A:S	cm:i:16	s1:i:129	dv:f:0.0148	rl:i:30
QOVW01000124.1	1197	1027	1181	+	contig_1	2806830	2427726	2427880	129	154	0	tp:A:S	cm:i:16	s1:i:129	dv:f:0.0148	rl:i:30
QOVW01000095.1	16722	13872	14007	+	contig_1	2806830	2094949	2095084	128	135	60	tp:A:P	cm:i:19	s1:i:120	s2:i:79	dv:f:0.0155	rl:i:0
QOVW01000057.1	1050	296	942	-	contig_1	2806830	2230222	2230889	130	667	60	tp:A:P	cm:i:20	s1:i:126	s2:i:0	dv:f:0.0121	rl:i:0
QOVW01000097.1	16297	200	679	-	contig_1	2806830	2391302	2391781	121	479	0	tp:A:S	cm:i:12	s1:i:121	dv:f:0.0302	rl:i:0
QOVW01000097.1	16297	152	679	-	contig_1	2806830	1721755	1722282	117	527	0	tp:A:S	cm:i:12	s1:i:117	dv:f:0.0366	rl:i:0
QOVW01000001.1	62907	48464	48719	-	contig_1	2806830	894199	894454	110	255	37	tp:A:P	cm:i:13	s1:i:110	s2:i:88	dv:f:0.0373	rl:i:15
QOVW01000111.1	6723	5593	5908	-	contig_1	2806830	1639678	1639993	109	316	60	tp:A:P	cm:i:8	s1:i:109	s2:i:0	dv:f:0.0366	rl:i:43
QOVW01000042.1	2963	3	150	-	contig_1	2806830	2659432	2659579	108	147	0	tp:A:P	cm:i:12	s1:i:108	s2:i:108	dv:f:0.0190	rl:i:16
QOVW01000042.1	2963	3	150	+	contig_1	2806830	1932037	1932184	108	147	0	tp:A:S	cm:i:12	s1:i:108	dv:f:0.0190	rl:i:16
QOVW01000042.1	2963	3	150	+	contig_1	2806830	838266	838413	108	147	0	tp:A:S	cm:i:12	s1:i:108	dv:f:0.0190	rl:i:16
QOVW01000042.1	2963	3	150	+	contig_1	2806830	2428025	2428172	108	147	0	tp:A:S	cm:i:12	s1:i:108	dv:f:0.0190	rl:i:16
QOVW01000042.1	2963	3	150	+	contig_1	2806830	2221593	2221740	108	147	0	tp:A:S	cm:i:12	s1:i:108	dv:f:0.0190	rl:i:16
QOVW01000042.1	2963	3	150	+	contig_1	2806830	2340419	2340566	108	147	0	tp:A:S	cm:i:12	s1:i:108	dv:f:0.0190	rl:i:16
QOVW01000069.1	47784	47658	47783	-	contig_1	2806830	806488	806613	105	125	0	tp:A:P	cm:i:15	s1:i:105	s2:i:103	dv:f:0.0156	rl:i:15
QOVW01000069.1	47784	47659	47783	-	contig_1	2806830	2380809	2380933	103	124	0	tp:A:S	cm:i:15	s1:i:103	dv:f:0.0121	rl:i:15
QOVW01000084.1	33609	0	99	+	contig_1	2806830	535206	535305	99	99	0	tp:A:P	cm:i:15	s1:i:99	s2:i:99	dv:f:0.0083	rl:i:0
QOVW01000084.1	33609	0	99	+	contig_1	2806830	1464560	1464659	99	99	0	tp:A:S	cm:i:15	s1:i:99	dv:f:0.0083	rl:i:0
QOVW01000084.1	33609	0	99	-	contig_1	2806830	890733	890832	99	99	0	tp:A:S	cm:i:15	s1:i:99	dv:f:0.0083	rl:i:0
QOVW01000084.1	33609	0	99	+	contig_1	2806830	2476848	2476947	99	99	0	tp:A:S	cm:i:15	s1:i:99	dv:f:0.0083	rl:i:0
QOVW01000084.1	33609	0	99	-	contig_1	2806830	1635087	1635186	99	99	0	tp:A:S	cm:i:15	s1:i:99	dv:f:0.0083	rl:i:0
QOVW01000114.1	4992	4839	4989	+	contig_1	2806830	299459	299637	104	178	38	tp:A:P	cm:i:14	s1:i:99	s2:i:78	dv:f:0.0404	rl:i:0
QOVW01000058.1	96216	2	98	-	contig_1	2806830	2077698	2077794	96	96	0	tp:A:P	cm:i:15	s1:i:96	s2:i:96	dv:f:0.0083	rl:i:0
QOVW01000058.1	96216	2	98	+	contig_1	2806830	2767460	2767556	96	96	0	tp:A:S	cm:i:15	s1:i:96	dv:f:0.0083	rl:i:0
QOVW01000058.1	96216	2	98	+	contig_1	2806830	2232022	2232118	96	96	0	tp:A:S	cm:i:15	s1:i:96	dv:f:0.0083	rl:i:0
QOVW01000058.1	96216	2	98	-	contig_1	2806830	1678329	1678425	96	96	0	tp:A:S	cm:i:15	s1:i:96	dv:f:0.0083	rl:i:0
QOVW01000058.1	96216	2	98	+	contig_1	2806830	1463507	1463603	96	96	0	tp:A:S	cm:i:15	s1:i:96	dv:f:0.0083	rl:i:0
QOVW01000058.1	96216	2	98	-	contig_1	2806830	2270032	2270128	96	96	0	tp:A:S	cm:i:15	s1:i:96	dv:f:0.0083	rl:i:0
QOVW01000081.1	38004	2	98	-	contig_1	2806830	2077698	2077794	96	96	0	tp:A:P	cm:i:15	s1:i:96	s2:i:96	dv:f:0.0083	rl:i:15
QOVW01000081.1	38004	2	98	+	contig_1	2806830	1463507	1463603	96	96	0	tp:A:S	cm:i:15	s1:i:96	dv:f:0.0083	rl:i:15
QOVW01000081.1	38004	2	98	+	contig_1	2806830	2232022	2232118	96	96	0	tp:A:S	cm:i:15	s1:i:96	dv:f:0.0083	rl:i:15
QOVW01000081.1	38004	2	98	-	contig_1	2806830	1678329	1678425	96	96	0	tp:A:S	cm:i:15	s1:i:96	dv:f:0.0083	rl:i:15
QOVW01000081.1	38004	2	98	-	contig_1	2806830	2270032	2270128	96	96	0	tp:A:S	cm:i:15	s1:i:96	dv:f:0.0083	rl:i:15
QOVW01000081.1	38004	2	98	+	contig_1	2806830	2767460	2767556	96	96	0	tp:A:S	cm:i:15	s1:i:96	dv:f:0.0083	rl:i:15
QOVW01000025.1	12403	3	99	-	contig_1	2806830	1678329	1678425	96	96	0	tp:A:P	cm:i:15	s1:i:96	s2:i:96	dv:f:0.0043	rl:i:15
QOVW01000025.1	12403	3	99	-	contig_1	2806830	2270032	2270128	96	96	0	tp:A:S	cm:i:15	s1:i:96	dv:f:0.0043	rl:i:15
QOVW01000025.1	12403	3	99	+	contig_1	2806830	2232022	2232118	96	96	0	tp:A:S	cm:i:15	s1:i:96	dv:f:0.0043	rl:i:15
QOVW01000025.1	12403	3	99	-	contig_1	2806830	2077698	2077794	96	96	0	tp:A:S	cm:i:15	s1:i:96	dv:f:0.0043	rl:i:15
QOVW01000025.1	12403	3	99	+	contig_1	2806830	1463507	1463603	96	96	0	tp:A:S	cm:i:15	s1:i:96	dv:f:0.0043	rl:i:15
QOVW01000025.1	12403	3	99	+	contig_1	2806830	2767460	2767556	96	96	0	tp:A:S	cm:i:15	s1:i:96	dv:f:0.0043	rl:i:15
QOVW01000047.1	1835	3	98	-	contig_1	2806830	1635087	1635182	95	95	0	tp:A:P	cm:i:14	s1:i:95	s2:i:95	dv:f:0.0089	rl:i:30
QOVW01000047.1	1835	3	98	+	contig_1	2806830	1464564	1464659	95	95	0	tp:A:S	cm:i:14	s1:i:95	dv:f:0.0089	rl:i:30
QOVW01000047.1	1835	3	98	+	contig_1	2806830	535210	535305	95	95	0	tp:A:S	cm:i:14	s1:i:95	dv:f:0.0089	rl:i:30
QOVW01000047.1	1835	3	98	-	contig_1	2806830	890733	890828	95	95	0	tp:A:S	cm:i:14	s1:i:95	dv:f:0.0089	rl:i:30
QOVW01000048.1	1817	3	98	+	contig_1	2806830	535210	535305	95	95	0	tp:A:P	cm:i:14	s1:i:95	s2:i:95	dv:f:0.0089	rl:i:0
QOVW01000048.1	1817	3	98	-	contig_1	2806830	1635087	1635182	95	95	0	tp:A:S	cm:i:14	s1:i:95	dv:f:0.0089	rl:i:0
QOVW01000048.1	1817	3	98	+	contig_1	2806830	1464564	1464659	95	95	0	tp:A:S	cm:i:14	s1:i:95	dv:f:0.0089	rl:i:0
QOVW01000048.1	1817	3	98	-	contig_1	2806830	890733	890828	95	95	0	tp:A:S	cm:i:14	s1:i:95	dv:f:0.0089	rl:i:0
QOVW01000048.1	1817	3	98	+	contig_1	2806830	2476852	2476947	95	95	0	tp:A:S	cm:i:14	s1:i:95	dv:f:0.0089	rl:i:0
QOVW01000006.1	35674	35577	35672	+	contig_1	2806830	890733	890828	95	95	0	tp:A:P	cm:i:14	s1:i:95	s2:i:95	dv:f:0.0046	rl:i:0
QOVW01000006.1	35674	35577	35672	-	contig_1	2806830	2476852	2476947	95	95	0	tp:A:S	cm:i:14	s1:i:95	dv:f:0.0046	rl:i:0
QOVW01000006.1	35674	35577	35672	+	contig_1	2806830	1635087	1635182	95	95	0	tp:A:S	cm:i:14	s1:i:95	dv:f:0.0046	rl:i:0
QOVW01000006.1	35674	35577	35672	-	contig_1	2806830	535210	535305	95	95	0	tp:A:S	cm:i:14	s1:i:95	dv:f:0.0046	rl:i:0
QOVW01000006.1	35674	35577	35672	-	contig_1	2806830	1464564	1464659	95	95	0	tp:A:S	cm:i:14	s1:i:95	dv:f:0.0046	rl:i:0
QOVW01000009.1	29435	29337	29432	-	contig_1	2806830	1464564	1464659	95	95	0	tp:A:P	cm:i:14	s1:i:95	s2:i:95	dv:f:0.0089	rl:i:15
QOVW01000009.1	29435	29337	29432	-	contig_1	2806830	2476852	2476947	95	95	0	tp:A:S	cm:i:14	s1:i:95	dv:f:0.0089	rl:i:15
QOVW01000009.1	29435	29337	29432	-	contig_1	2806830	535210	535305	95	95	0	tp:A:S	cm:i:14	s1:i:95	dv:f:0.0089	rl:i:15
QOVW01000009.1	29435	29337	29432	+	contig_1	2806830	890733	890828	95	95	0	tp:A:S	cm:i:14	s1:i:95	dv:f:0.0089	rl:i:15
QOVW01000009.1	29435	29337	29432	+	contig_1	2806830	1635087	1635182	95	95	0	tp:A:S	cm:i:14	s1:i:95	dv:f:0.0089	rl:i:15
QOVW01000110.1	6764	6666	6761	-	contig_1	2806830	535210	535305	95	95	0	tp:A:P	cm:i:14	s1:i:95	s2:i:95	dv:f:0.0089	rl:i:30
QOVW01000110.1	6764	6666	6761	-	contig_1	2806830	1464564	1464659	95	95	0	tp:A:S	cm:i:14	s1:i:95	dv:f:0.0089	rl:i:30
QOVW01000110.1	6764	6666	6761	+	contig_1	2806830	1635087	1635182	95	95	0	tp:A:S	cm:i:14	s1:i:95	dv:f:0.0089	rl:i:30
QOVW01000110.1	6764	6666	6761	+	contig_1	2806830	890733	890828	95	95	0	tp:A:S	cm:i:14	s1:i:95	dv:f:0.0089	rl:i:30
QOVW01000110.1	6764	6666	6761	-	contig_1	2806830	2476852	2476947	95	95	0	tp:A:S	cm:i:14	s1:i:95	dv:f:0.0089	rl:i:30
QOVW01000083.1	34410	34254	34402	+	contig_1	2806830	1633113	1633261	94	148	60	tp:A:P	cm:i:13	s1:i:94	s2:i:0	dv:f:0.0137	rl:i:76
QOVW01000112.1	5913	5815	5908	+	contig_1	2806830	2475741	2475834	93	93	3	tp:A:P	cm:i:21	s1:i:93	s2:i:91	dv:f:0.0031	rl:i:0
QOVW01000037.1	4614	4516	4609	+	contig_1	2806830	2475741	2475834	93	93	3	tp:A:P	cm:i:21	s1:i:93	s2:i:91	dv:f:0.0060	rl:i:0
QOVW01000075.1	40953	0	92	-	contig_1	2806830	2077706	2077798	92	92	0	tp:A:P	cm:i:15	s1:i:92	s2:i:92	dv:f:0.0043	rl:i:0
QOVW01000075.1	40953	0	92	-	contig_1	2806830	2170931	2171023	92	92	0	tp:A:S	cm:i:15	s1:i:92	dv:f:0.0043	rl:i:0
QOVW01000075.1	40953	0	92	+	contig_1	2806830	2767456	2767548	92	92	0	tp:A:S	cm:i:15	s1:i:92	dv:f:0.0043	rl:i:0
QOVW01000075.1	40953	0	92	+	contig_1	2806830	1463503	1463595	92	92	0	tp:A:S	cm:i:15	s1:i:92	dv:f:0.0043	rl:i:0
QOVW01000075.1	40953	0	92	-	contig_1	2806830	1602475	1602567	92	92	0	tp:A:S	cm:i:15	s1:i:92	dv:f:0.0043	rl:i:0
QOVW01000075.1	40953	0	92	-	contig_1	2806830	2037978	2038070	92	92	0	tp:A:S	cm:i:15	s1:i:92	dv:f:0.0043	rl:i:0
QOVW01000082.1	36453	6	98	+	contig_1	2806830	1679443	1679535	92	92	3	tp:A:P	cm:i:20	s1:i:92	s2:i:90	dv:f:0.0032	rl:i:15
QOVW01000001.1	62907	29386	29538	-	contig_1	2806830	2763099	2763251	91	152	60	tp:A:P	cm:i:14	s1:i:91	s2:i:0	dv:f:0.0089	rl:i:15
QOVW01000007.1	30955	7	98	-	contig_1	2806830	2475743	2475834	91	91	0	tp:A:P	cm:i:20	s1:i:91	s2:i:91	dv:f:0.0032	rl:i:0
QOVW01000007.1	30955	7	98	-	contig_1	2806830	1462255	1462346	91	91	0	tp:A:S	cm:i:20	s1:i:91	dv:f:0.0032	rl:i:0
QOVW01000007.1	30955	7	98	-	contig_1	2806830	534101	534192	91	91	0	tp:A:S	cm:i:20	s1:i:91	dv:f:0.0032	rl:i:0
QOVW01000092.1	21849	21751	21842	+	contig_1	2806830	534101	534192	91	91	0	tp:A:P	cm:i:20	s1:i:91	s2:i:91	dv:f:0.0032	rl:i:0
QOVW01000092.1	21849	21751	21842	+	contig_1	2806830	2475743	2475834	91	91	0	tp:A:S	cm:i:20	s1:i:91	dv:f:0.0032	rl:i:0
QOVW01000092.1	21849	21751	21842	+	contig_1	2806830	1462255	1462346	91	91	0	tp:A:S	cm:i:20	s1:i:91	dv:f:0.0032	rl:i:0
QOVW01000103.1	11902	3	94	-	contig_1	2806830	2170928	2171019	91	91	5	tp:A:P	cm:i:15	s1:i:91	s2:i:88	dv:f:0.0083	rl:i:108
QOVW01000030.1	9264	9170	9261	+	contig_1	2806830	2170928	2171019	91	91	5	tp:A:P	cm:i:15	s1:i:91	s2:i:88	dv:f:0.0043	rl:i:0
QOVW01000112.1	5913	5817	5908	+	contig_1	2806830	1462255	1462346	91	91	0	tp:A:S	cm:i:20	s1:i:91	dv:f:0.0032	rl:i:0
QOVW01000112.1	5913	5817	5908	+	contig_1	2806830	534101	534192	91	91	0	tp:A:S	cm:i:20	s1:i:91	dv:f:0.0032	rl:i:0
QOVW01000065.1	51590	9	100	+	contig_1	2806830	2232030	2232121	91	91	1	tp:A:P	cm:i:16	s1:i:91	s2:i:90	dv:f:0.0078	rl:i:0
QOVW01000037.1	4614	4518	4609	+	contig_1	2806830	1462255	1462346	91	91	0	tp:A:S	cm:i:20	s1:i:91	dv:f:0.0063	rl:i:0
QOVW01000037.1	4614	4518	4609	+	contig_1	2806830	534101	534192	91	91	0	tp:A:S	cm:i:20	s1:i:91	dv:f:0.0063	rl:i:0
QOVW01000008.1	30220	2	100	-	contig_1	2806830	644175	644273	90	98	19	tp:A:P	cm:i:11	s1:i:90	s2:i:79	dv:f:0.0058	rl:i:0
QOVW01000116.1	3362	3265	3355	-	contig_1	2806830	2078812	2078902	90	90	0	tp:A:P	cm:i:19	s1:i:90	s2:i:90	dv:f:0.0067	rl:i:0
QOVW01000116.1	3362	3265	3355	-	contig_1	2806830	1679443	1679533	90	90	0	tp:A:S	cm:i:19	s1:i:90	dv:f:0.0067	rl:i:0
QOVW01000116.1	3362	3265	3355	-	contig_1	2806830	2271146	2271236	90	90	0	tp:A:S	cm:i:19	s1:i:90	dv:f:0.0067	rl:i:0
QOVW01000116.1	3362	3265	3355	+	contig_1	2806830	1462399	1462489	90	90	0	tp:A:S	cm:i:19	s1:i:90	dv:f:0.0067	rl:i:0
QOVW01000116.1	3362	3265	3355	+	contig_1	2806830	2766352	2766442	90	90	0	tp:A:S	cm:i:19	s1:i:90	dv:f:0.0067	rl:i:0
QOVW01000116.1	3362	3265	3355	-	contig_1	2806830	2039084	2039174	90	90	0	tp:A:S	cm:i:19	s1:i:90	dv:f:0.0067	rl:i:0
QOVW01000050.1	1785	5	95	+	contig_1	2806830	2172037	2172127	90	90	0	tp:A:P	cm:i:19	s1:i:90	s2:i:90	dv:f:0.0067	rl:i:0
QOVW01000050.1	1785	5	95	+	contig_1	2806830	2039084	2039174	90	90	0	tp:A:S	cm:i:19	s1:i:90	dv:f:0.0067	rl:i:0
QOVW01000050.1	1785	5	95	+	contig_1	2806830	1603581	1603671	90	90	0	tp:A:S	cm:i:19	s1:i:90	dv:f:0.0067	rl:i:0
QOVW01000050.1	1785	5	95	+	contig_1	2806830	2271146	2271236	90	90	0	tp:A:S	cm:i:19	s1:i:90	dv:f:0.0067	rl:i:0
QOVW01000050.1	1785	5	95	+	contig_1	2806830	2078812	2078902	90	90	0	tp:A:S	cm:i:19	s1:i:90	dv:f:0.0067	rl:i:0
QOVW01000050.1	1785	5	95	-	contig_1	2806830	2766352	2766442	90	90	0	tp:A:S	cm:i:19	s1:i:90	dv:f:0.0067	rl:i:0
QOVW01000054.1	1404	8	98	-	contig_1	2806830	1602465	1602555	90	90	0	tp:A:P	cm:i:14	s1:i:90	s2:i:90	dv:f:0.0089	rl:i:0
QOVW01000054.1	1404	8	98	-	contig_1	2806830	2037968	2038058	90	90	0	tp:A:S	cm:i:14	s1:i:90	dv:f:0.0089	rl:i:0
QOVW01000070.1	47029	9	99	+	contig_1	2806830	2232030	2232120	90	90	0	tp:A:P	cm:i:15	s1:i:90	s2:i:90	dv:f:0.0083	rl:i:15
QOVW01000070.1	47029	9	99	-	contig_1	2806830	2270030	2270120	90	90	0	tp:A:S	cm:i:15	s1:i:90	dv:f:0.0083	rl:i:15
QOVW01000073.1	41642	41544	41634	+	contig_1	2806830	2766352	2766442	90	90	0	tp:A:P	cm:i:19	s1:i:90	s2:i:90	dv:f:0.0067	rl:i:15
QOVW01000073.1	41642	41544	41634	-	contig_1	2806830	2271146	2271236	90	90	0	tp:A:S	cm:i:19	s1:i:90	dv:f:0.0067	rl:i:15
QOVW01000073.1	41642	41544	41634	+	contig_1	2806830	1462399	1462489	90	90	0	tp:A:S	cm:i:19	s1:i:90	dv:f:0.0067	rl:i:15
QOVW01000073.1	41642	41544	41634	+	contig_1	2806830	2230914	2231004	90	90	0	tp:A:S	cm:i:19	s1:i:90	dv:f:0.0067	rl:i:15
QOVW01000073.1	41642	41544	41634	-	contig_1	2806830	1679443	1679533	90	90	0	tp:A:S	cm:i:19	s1:i:90	dv:f:0.0067	rl:i:15
QOVW01000073.1	41642	41544	41634	-	contig_1	2806830	2039084	2039174	90	90	0	tp:A:S	cm:i:19	s1:i:90	dv:f:0.0067	rl:i:15
QOVW01000075.1	40953	40856	40946	+	contig_1	2806830	2230914	2231004	90	90	0	tp:A:P	cm:i:19	s1:i:90	s2:i:90	dv:f:0.0067	rl:i:0
QOVW01000078.1	40124	40028	40118	-	contig_1	2806830	2039084	2039174	90	90	0	tp:A:P	cm:i:19	s1:i:90	s2:i:90	dv:f:0.0067	rl:i:0
QOVW01000078.1	40124	40028	40118	+	contig_1	2806830	2230914	2231004	90	90	0	tp:A:S	cm:i:19	s1:i:90	dv:f:0.0067	rl:i:0
QOVW01000078.1	40124	40028	40118	-	contig_1	2806830	2078812	2078902	90	90	0	tp:A:S	cm:i:19	s1:i:90	dv:f:0.0067	rl:i:0
QOVW01000078.1	40124	40028	40118	+	contig_1	2806830	2766352	2766442	90	90	0	tp:A:S	cm:i:19	s1:i:90	dv:f:0.0067	rl:i:0
QOVW01000078.1	40124	40028	40118	+	contig_1	2806830	1462399	1462489	90	90	0	tp:A:S	cm:i:19	s1:i:90	dv:f:0.0067	rl:i:0
QOVW01000078.1	40124	40028	40118	-	contig_1	2806830	2271146	2271236	90	90	0	tp:A:S	cm:i:19	s1:i:90	dv:f:0.0067	rl:i:0
QOVW01000082.1	36453	6	96	-	contig_1	2806830	1462399	1462489	90	90	0	tp:A:S	cm:i:19	s1:i:90	dv:f:0.0034	rl:i:15
QOVW01000082.1	36453	6	96	+	contig_1	2806830	2039084	2039174	90	90	0	tp:A:S	cm:i:19	s1:i:90	dv:f:0.0034	rl:i:15
QOVW01000082.1	36453	6	96	-	contig_1	2806830	2766352	2766442	90	90	0	tp:A:S	cm:i:19	s1:i:90	dv:f:0.0034	rl:i:15
QOVW01000082.1	36453	6	96	+	contig_1	2806830	2172037	2172127	90	90	0	tp:A:S	cm:i:19	s1:i:90	dv:f:0.0034	rl:i:15
QOVW01000082.1	36453	6	96	+	contig_1	2806830	2078812	2078902	90	90	0	tp:A:S	cm:i:19	s1:i:90	dv:f:0.0034	rl:i:15
QOVW01000016.1	23267	23172	23262	-	contig_1	2806830	2271146	2271236	90	90	0	tp:A:P	cm:i:19	s1:i:90	s2:i:90	dv:f:0.0034	rl:i:0
QOVW01000016.1	23267	23172	23262	-	contig_1	2806830	1679443	1679533	90	90	0	tp:A:S	cm:i:19	s1:i:90	dv:f:0.0034	rl:i:0
QOVW01000016.1	23267	23172	23262	-	contig_1	2806830	2078812	2078902	90	90	0	tp:A:S	cm:i:19	s1:i:90	dv:f:0.0034	rl:i:0
QOVW01000016.1	23267	23172	23262	+	contig_1	2806830	2766352	2766442	90	90	0	tp:A:S	cm:i:19	s1:i:90	dv:f:0.0034	rl:i:0
QOVW01000016.1	23267	23172	23262	-	contig_1	2806830	2039084	2039174	90	90	0	tp:A:S	cm:i:19	s1:i:90	dv:f:0.0034	rl:i:0
QOVW01000016.1	23267	23172	23262	+	contig_1	2806830	1462399	1462489	90	90	0	tp:A:S	cm:i:19	s1:i:90	dv:f:0.0034	rl:i:0
QOVW01000020.1	18444	18347	18437	-	contig_1	2806830	2271146	2271236	90	90	0	tp:A:P	cm:i:19	s1:i:90	s2:i:90	dv:f:0.0067	rl:i:0
QOVW01000020.1	18444	18347	18437	-	contig_1	2806830	2172037	2172127	90	90	0	tp:A:S	cm:i:19	s1:i:90	dv:f:0.0067	rl:i:0
QOVW01000020.1	18444	18347	18437	-	contig_1	2806830	2078812	2078902	90	90	0	tp:A:S	cm:i:19	s1:i:90	dv:f:0.0067	rl:i:0
QOVW01000020.1	18444	18347	18437	-	contig_1	2806830	1603581	1603671	90	90	0	tp:A:S	cm:i:19	s1:i:90	dv:f:0.0067	rl:i:0
QOVW01000020.1	18444	18347	18437	+	contig_1	2806830	2766352	2766442	90	90	0	tp:A:S	cm:i:19	s1:i:90	dv:f:0.0067	rl:i:0
QOVW01000020.1	18444	18347	18437	-	contig_1	2806830	1679443	1679533	90	90	0	tp:A:S	cm:i:19	s1:i:90	dv:f:0.0067	rl:i:0
QOVW01000094.1	16835	8	98	+	contig_1	2806830	2078812	2078902	90	90	0	tp:A:P	cm:i:19	s1:i:90	s2:i:90	dv:f:0.0067	rl:i:0
QOVW01000094.1	16835	8	98	-	contig_1	2806830	2766352	2766442	90	90	0	tp:A:S	cm:i:19	s1:i:90	dv:f:0.0067	rl:i:0
QOVW01000094.1	16835	8	98	+	contig_1	2806830	2172037	2172127	90	90	0	tp:A:S	cm:i:19	s1:i:90	dv:f:0.0067	rl:i:0
QOVW01000094.1	16835	8	98	+	contig_1	2806830	1679443	1679533	90	90	0	tp:A:S	cm:i:19	s1:i:90	dv:f:0.0067	rl:i:0
QOVW01000094.1	16835	8	98	+	contig_1	2806830	1603581	1603671	90	90	0	tp:A:S	cm:i:19	s1:i:90	dv:f:0.0067	rl:i:0
QOVW01000094.1	16835	8	98	+	contig_1	2806830	2039084	2039174	90	90	0	tp:A:S	cm:i:19	s1:i:90	dv:f:0.0067	rl:i:0
QOVW01000096.1	16681	16585	16675	-	contig_1	2806830	2039084	2039174	90	90	0	tp:A:P	cm:i:19	s1:i:90	s2:i:90	dv:f:0.0034	rl:i:0
QOVW01000096.1	16681	16585	16675	-	contig_1	2806830	2172037	2172127	90	90	0	tp:A:S	cm:i:19	s1:i:90	dv:f:0.0034	rl:i:0
QOVW01000096.1	16681	16585	16675	-	contig_1	2806830	1679443	1679533	90	90	0	tp:A:S	cm:i:19	s1:i:90	dv:f:0.0034	rl:i:0
QOVW01000096.1	16681	16585	16675	+	contig_1	2806830	2230914	2231004	90	90	0	tp:A:S	cm:i:19	s1:i:90	dv:f:0.0034	rl:i:0
QOVW01000096.1	16681	16585	16675	-	contig_1	2806830	1603581	1603671	90	90	0	tp:A:S	cm:i:19	s1:i:90	dv:f:0.0034	rl:i:0
QOVW01000099.1	15984	15885	15975	+	contig_1	2806830	2766352	2766442	90	90	0	tp:A:P	cm:i:19	s1:i:90	s2:i:90	dv:f:0.0067	rl:i:0
QOVW01000099.1	15984	15885	15975	+	contig_1	2806830	2230914	2231004	90	90	0	tp:A:S	cm:i:19	s1:i:90	dv:f:0.0067	rl:i:0
QOVW01000099.1	15984	15885	15975	-	contig_1	2806830	2172037	2172127	90	90	0	tp:A:S	cm:i:19	s1:i:90	dv:f:0.0067	rl:i:0
QOVW01000099.1	15984	15885	15975	-	contig_1	2806830	2078812	2078902	90	90	0	tp:A:S	cm:i:19	s1:i:90	dv:f:0.0067	rl:i:0
QOVW01000099.1	15984	15885	15975	-	contig_1	2806830	2271146	2271236	90	90	0	tp:A:S	cm:i:19	s1:i:90	dv:f:0.0067	rl:i:0
QOVW01000099.1	15984	15885	15975	+	contig_1	2806830	1462399	1462489	90	90	0	tp:A:S	cm:i:19	s1:i:90	dv:f:0.0067	rl:i:0
QOVW01000105.1	9815	9	99	-	contig_1	2806830	2270030	2270120	90	90	0	tp:A:P	cm:i:15	s1:i:90	s2:i:90	dv:f:0.0083	rl:i:0
QOVW01000105.1	9815	9	99	+	contig_1	2806830	2232030	2232120	90	90	0	tp:A:S	cm:i:15	s1:i:90	dv:f:0.0083	rl:i:0
QOVW01000065.1	51590	9	99	-	contig_1	2806830	2270030	2270120	90	90	0	tp:A:S	cm:i:15	s1:i:90	dv:f:0.0083	rl:i:0
QOVW01000084.1	33609	0	89	+	contig_1	2806830	1463503	1463592	89	89	0	tp:A:S	cm:i:14	s1:i:89	dv:f:0.0089	rl:i:0
QOVW01000084.1	33609	33476	33595	-	contig_1	2806830	1633486	1633605	89	119	14	tp:A:P	cm:i:9	s1:i:89	s2:i:79	dv:f:0.0452	rl:i:0
QOVW01000070.1	47029	9	97	-	contig_1	2806830	1678329	1678417	88	88	0	tp:A:S	cm:i:14	s1:i:88	dv:f:0.0089	rl:i:15
QOVW01000070.1	47029	9	97	+	contig_1	2806830	2767468	2767556	88	88	0	tp:A:S	cm:i:14	s1:i:88	dv:f:0.0089	rl:i:15
QOVW01000070.1	47029	9	97	+	contig_1	2806830	1463515	1463603	88	88	0	tp:A:S	cm:i:14	s1:i:88	dv:f:0.0089	rl:i:15
QOVW01000070.1	47029	9	97	-	contig_1	2806830	2077698	2077786	88	88	0	tp:A:S	cm:i:14	s1:i:88	dv:f:0.0089	rl:i:15
QOVW01000079.1	39228	8	96	-	contig_1	2806830	1678329	1678417	88	88	0	tp:A:P	cm:i:14	s1:i:88	s2:i:88	dv:f:0.0046	rl:i:15
QOVW01000079.1	39228	8	96	-	contig_1	2806830	2077698	2077786	88	88	0	tp:A:S	cm:i:14	s1:i:88	dv:f:0.0046	rl:i:15
QOVW01000079.1	39228	8	96	+	contig_1	2806830	2767468	2767556	88	88	0	tp:A:S	cm:i:14	s1:i:88	dv:f:0.0046	rl:i:15
QOVW01000079.1	39228	8	96	-	contig_1	2806830	2270032	2270120	88	88	0	tp:A:S	cm:i:14	s1:i:88	dv:f:0.0046	rl:i:15
QOVW01000079.1	39228	8	96	+	contig_1	2806830	1463515	1463603	88	88	0	tp:A:S	cm:i:14	s1:i:88	dv:f:0.0046	rl:i:15
QOVW01000079.1	39228	8	96	+	contig_1	2806830	2232030	2232118	88	88	0	tp:A:S	cm:i:14	s1:i:88	dv:f:0.0046	rl:i:15
QOVW01000007.1	30955	30859	30947	-	contig_1	2806830	1463515	1463603	88	88	0	tp:A:P	cm:i:14	s1:i:88	s2:i:88	dv:f:0.0089	rl:i:0
QOVW01000007.1	30955	30859	30947	+	contig_1	2806830	1678329	1678417	88	88	0	tp:A:S	cm:i:14	s1:i:88	dv:f:0.0089	rl:i:0
QOVW01000007.1	30955	30859	30947	+	contig_1	2806830	2270032	2270120	88	88	0	tp:A:S	cm:i:14	s1:i:88	dv:f:0.0089	rl:i:0
QOVW01000007.1	30955	30859	30947	-	contig_1	2806830	2767468	2767556	88	88	0	tp:A:S	cm:i:14	s1:i:88	dv:f:0.0089	rl:i:0
QOVW01000001.1	62907	48451	48719	-	contig_1	2806830	814743	815011	88	268	0	tp:A:S	cm:i:10	s1:i:88	dv:f:0.0617	rl:i:15
QOVW01000018.1	19450	3	91	+	contig_1	2806830	2232022	2232110	88	88	0	tp:A:P	cm:i:14	s1:i:88	s2:i:88	dv:f:0.0089	rl:i:15
QOVW01000018.1	19450	3	91	-	contig_1	2806830	2170931	2171019	88	88	0	tp:A:S	cm:i:14	s1:i:88	dv:f:0.0089	rl:i:15
QOVW01000018.1	19450	3	91	-	contig_1	2806830	2077706	2077794	88	88	0	tp:A:S	cm:i:14	s1:i:88	dv:f:0.0089	rl:i:15
QOVW01000018.1	19450	3	91	+	contig_1	2806830	2767460	2767548	88	88	0	tp:A:S	cm:i:14	s1:i:88	dv:f:0.0089	rl:i:15
QOVW01000018.1	19450	3	91	-	contig_1	2806830	1678337	1678425	88	88	0	tp:A:S	cm:i:14	s1:i:88	dv:f:0.0089	rl:i:15
QOVW01000018.1	19450	3	91	+	contig_1	2806830	1463507	1463595	88	88	0	tp:A:S	cm:i:14	s1:i:88	dv:f:0.0089	rl:i:15
QOVW01000103.1	11902	3	91	-	contig_1	2806830	2270040	2270128	88	88	0	tp:A:S	cm:i:14	s1:i:88	dv:f:0.0089	rl:i:108
QOVW01000103.1	11902	3	91	-	contig_1	2806830	1602475	1602563	88	88	0	tp:A:S	cm:i:14	s1:i:88	dv:f:0.0089	rl:i:108
QOVW01000103.1	11902	3	91	-	contig_1	2806830	2077706	2077794	88	88	0	tp:A:S	cm:i:14	s1:i:88	dv:f:0.0089	rl:i:108
QOVW01000103.1	11902	3	91	-	contig_1	2806830	2037978	2038066	88	88	0	tp:A:S	cm:i:14	s1:i:88	dv:f:0.0089	rl:i:108
QOVW01000105.1	9815	9	97	+	contig_1	2806830	2767468	2767556	88	88	0	tp:A:S	cm:i:14	s1:i:88	dv:f:0.0089	rl:i:0
QOVW01000105.1	9815	9	97	-	contig_1	2806830	2077698	2077786	88	88	0	tp:A:S	cm:i:14	s1:i:88	dv:f:0.0089	rl:i:0
QOVW01000105.1	9815	9	97	+	contig_1	2806830	1463515	1463603	88	88	0	tp:A:S	cm:i:14	s1:i:88	dv:f:0.0089	rl:i:0
QOVW01000105.1	9815	9	97	-	contig_1	2806830	1678329	1678417	88	88	0	tp:A:S	cm:i:14	s1:i:88	dv:f:0.0089	rl:i:0
QOVW01000030.1	9264	9173	9261	-	contig_1	2806830	2767460	2767548	88	88	0	tp:A:S	cm:i:14	s1:i:88	dv:f:0.0046	rl:i:0
QOVW01000030.1	9264	9173	9261	+	contig_1	2806830	1602475	1602563	88	88	0	tp:A:S	cm:i:14	s1:i:88	dv:f:0.0046	rl:i:0
QOVW01000030.1	9264	9173	9261	-	contig_1	2806830	1463507	1463595	88	88	0	tp:A:S	cm:i:14	s1:i:88	dv:f:0.0046	rl:i:0
QOVW01000030.1	9264	9173	9261	+	contig_1	2806830	2037978	2038066	88	88	0	tp:A:S	cm:i:14	s1:i:88	dv:f:0.0046	rl:i:0
QOVW01000030.1	9264	9173	9261	+	contig_1	2806830	2270040	2270128	88	88	0	tp:A:S	cm:i:14	s1:i:88	dv:f:0.0046	rl:i:0
QOVW01000065.1	51590	9	97	-	contig_1	2806830	2077698	2077786	88	88	0	tp:A:S	cm:i:14	s1:i:88	dv:f:0.0089	rl:i:0
QOVW01000065.1	51590	9	97	+	contig_1	2806830	1463515	1463603	88	88	0	tp:A:S	cm:i:14	s1:i:88	dv:f:0.0089	rl:i:0
QOVW01000065.1	51590	9	97	-	contig_1	2806830	1678329	1678417	88	88	0	tp:A:S	cm:i:14	s1:i:88	dv:f:0.0089	rl:i:0
QOVW01000065.1	51590	9	97	+	contig_1	2806830	2767468	2767556	88	88	0	tp:A:S	cm:i:14	s1:i:88	dv:f:0.0089	rl:i:0
QOVW01000076.1	40915	40819	40906	-	contig_1	2806830	2476860	2476947	87	87	0	tp:A:P	cm:i:13	s1:i:87	s2:i:87	dv:f:0.0049	rl:i:0
QOVW01000076.1	40915	40819	40906	-	contig_1	2806830	535218	535305	87	87	0	tp:A:S	cm:i:13	s1:i:87	dv:f:0.0049	rl:i:0
QOVW01000076.1	40915	40819	40906	+	contig_1	2806830	890733	890820	87	87	0	tp:A:S	cm:i:13	s1:i:87	dv:f:0.0049	rl:i:0
QOVW01000076.1	40915	40819	40906	-	contig_1	2806830	1464572	1464659	87	87	0	tp:A:S	cm:i:13	s1:i:87	dv:f:0.0049	rl:i:0
QOVW01000047.1	1835	3	88	+	contig_1	2806830	2232022	2232107	85	85	0	tp:A:S	cm:i:13	s1:i:85	dv:f:0.0095	rl:i:30
QOVW01000047.1	1835	3	88	+	contig_1	2806830	2767460	2767545	85	85	0	tp:A:S	cm:i:13	s1:i:85	dv:f:0.0095	rl:i:30
QOVW01000048.1	1817	3	88	+	contig_1	2806830	2232022	2232107	85	85	0	tp:A:S	cm:i:13	s1:i:85	dv:f:0.0095	rl:i:0
QOVW01000006.1	35674	35587	35672	-	contig_1	2806830	2232022	2232107	85	85	0	tp:A:S	cm:i:13	s1:i:85	dv:f:0.0049	rl:i:0
QOVW01000009.1	29435	29347	29432	-	contig_1	2806830	2767460	2767545	85	85	0	tp:A:S	cm:i:13	s1:i:85	dv:f:0.0095	rl:i:15
QOVW01000110.1	6764	6676	6761	+	contig_1	2806830	2170934	2171019	85	85	0	tp:A:S	cm:i:13	s1:i:85	dv:f:0.0095	rl:i:30
QOVW01000057.1	1050	959	1042	+	contig_1	2806830	1462263	1462346	83	83	0	tp:A:P	cm:i:19	s1:i:83	s2:i:83	dv:f:0.0034	rl:i:0
QOVW01000057.1	1050	959	1042	+	contig_1	2806830	534109	534192	83	83	0	tp:A:S	cm:i:19	s1:i:83	dv:f:0.0034	rl:i:0
QOVW01000057.1	1050	959	1042	-	contig_1	2806830	891846	891929	83	83	0	tp:A:S	cm:i:19	s1:i:83	dv:f:0.0034	rl:i:0
QOVW01000057.1	1050	959	1042	+	contig_1	2806830	2475751	2475834	83	83	0	tp:A:S	cm:i:19	s1:i:83	dv:f:0.0034	rl:i:0
QOVW01000057.1	1050	959	1042	-	contig_1	2806830	1636200	1636283	83	83	0	tp:A:S	cm:i:19	s1:i:83	dv:f:0.0034	rl:i:0
QOVW01000082.1	36453	36361	36444	+	contig_1	2806830	534109	534192	83	83	0	tp:A:P	cm:i:19	s1:i:83	s2:i:83	dv:f:0.0067	rl:i:15
QOVW01000092.1	21849	21759	21842	-	contig_1	2806830	891846	891929	83	83	0	tp:A:S	cm:i:19	s1:i:83	dv:f:0.0034	rl:i:0
QOVW01000092.1	21849	21759	21842	-	contig_1	2806830	1636200	1636283	83	83	0	tp:A:S	cm:i:19	s1:i:83	dv:f:0.0034	rl:i:0
QOVW01000109.1	7482	7391	7474	-	contig_1	2806830	1636200	1636283	83	83	0	tp:A:P	cm:i:19	s1:i:83	s2:i:83	dv:f:0.0067	rl:i:0
QOVW01000109.1	7482	7391	7474	-	contig_1	2806830	891846	891929	83	83	0	tp:A:S	cm:i:19	s1:i:83	dv:f:0.0067	rl:i:0
QOVW01000109.1	7482	7391	7474	+	contig_1	2806830	1462263	1462346	83	83	0	tp:A:S	cm:i:19	s1:i:83	dv:f:0.0067	rl:i:0
QOVW01000109.1	7482	7391	7474	+	contig_1	2806830	534109	534192	83	83	0	tp:A:S	cm:i:19	s1:i:83	dv:f:0.0067	rl:i:0
QOVW01000109.1	7482	7391	7474	+	contig_1	2806830	2475751	2475834	83	83	0	tp:A:S	cm:i:19	s1:i:83	dv:f:0.0067	rl:i:0
QOVW01000112.1	5913	5825	5908	-	contig_1	2806830	1636200	1636283	83	83	0	tp:A:S	cm:i:19	s1:i:83	dv:f:0.0034	rl:i:0
QOVW01000112.1	5913	5825	5908	-	contig_1	2806830	891846	891929	83	83	0	tp:A:S	cm:i:19	s1:i:83	dv:f:0.0034	rl:i:0
QOVW01000037.1	4614	4526	4609	-	contig_1	2806830	891846	891929	83	83	0	tp:A:S	cm:i:19	s1:i:83	dv:f:0.0067	rl:i:0
QOVW01000037.1	4614	4526	4609	-	contig_1	2806830	1636200	1636283	83	83	0	tp:A:S	cm:i:19	s1:i:83	dv:f:0.0067	rl:i:0
QOVW01000001.1	62907	9667	10463	-	contig_1	2806830	2141128	2141921	83	796	60	tp:A:P	cm:i:7	s1:i:82	s2:i:0	dv:f:0.0536	rl:i:15
QOVW01000012.1	27680	27159	27531	+	contig_1	2806830	530931	531303	82	372	60	tp:A:P	cm:i:8	s1:i:81	s2:i:0	dv:f:0.0410	rl:i:43
QOVW01000102.1	12798	11511	12231	+	contig_1	2806830	306220	306772	91	720	43	tp:A:P	cm:i:8	s1:i:66	s2:i:0	dv:f:0.0560	rl:i:0
QOVW01000054.1	1404	8	88	+	contig_1	2806830	2232030	2232110	80	80	0	tp:A:S	cm:i:13	s1:i:80	dv:f:0.0095	rl:i:0
QOVW01000054.1	1404	8	88	-	contig_1	2806830	2077706	2077786	80	80	0	tp:A:S	cm:i:13	s1:i:80	dv:f:0.0095	rl:i:0
QOVW01000054.1	1404	8	88	-	contig_1	2806830	2170931	2171011	80	80	0	tp:A:S	cm:i:13	s1:i:80	dv:f:0.0095	rl:i:0
QOVW01000054.1	1404	8	88	-	contig_1	2806830	1678337	1678417	80	80	0	tp:A:S	cm:i:13	s1:i:80	dv:f:0.0095	rl:i:0
QOVW01000057.1	1050	962	1042	+	contig_1	2806830	2230924	2231004	80	80	0	tp:A:S	cm:i:18	s1:i:80	dv:f:0.0036	rl:i:0
QOVW01000092.1	21849	21762	21842	+	contig_1	2806830	1462409	1462489	80	80	0	tp:A:S	cm:i:18	s1:i:80	dv:f:0.0036	rl:i:0
QOVW01000109.1	7482	7394	7474	-	contig_1	2806830	2039084	2039164	80	80	0	tp:A:S	cm:i:18	s1:i:80	dv:f:0.0070	rl:i:0
QOVW01000112.1	5913	5828	5908	+	contig_1	2806830	2230924	2231004	80	80	0	tp:A:S	cm:i:18	s1:i:80	dv:f:0.0036	rl:i:0
QOVW01000037.1	4614	4529	4609	+	contig_1	2806830	1462409	1462489	80	80	0	tp:A:S	cm:i:18	s1:i:80	dv:f:0.0070	rl:i:0
QOVW01000008.1	30220	2	100	-	contig_1	2806830	2789332	2789430	79	98	0	tp:A:S	cm:i:9	s1:i:79	dv:f:0.0190	rl:i:0
QOVW01000057.1	1050	4	99	+	contig_1	2806830	458694	458789	78	95	0	tp:A:P	cm:i:11	s1:i:78	s2:i:78	dv:f:0.0286	rl:i:0
QOVW01000035.1	5699	5	98	-	contig_1	2806830	1632828	1632921	78	93	60	tp:A:P	cm:i:11	s1:i:78	s2:i:0	dv:f:0.0111	rl:i:19
QOVW01000114.1	4992	4832	4968	-	contig_1	2806830	2424152	2424316	83	164	0	tp:A:S	cm:i:9	s1:i:78	dv:f:0.0633	rl:i:0
QOVW01000067.1	48535	48451	48527	-	contig_1	2806830	554849	554925	76	76	0	tp:A:P	cm:i:13	s1:i:76	s2:i:76	dv:f:0.0049	rl:i:0
QOVW01000067.1	48535	48451	48527	-	contig_1	2806830	2222218	2222294	76	76	0	tp:A:S	cm:i:13	s1:i:76	dv:f:0.0049	rl:i:0
QOVW01000067.1	48535	48451	48527	-	contig_1	2806830	838891	838967	76	76	0	tp:A:S	cm:i:13	s1:i:76	dv:f:0.0049	rl:i:0
QOVW01000067.1	48535	48451	48527	+	contig_1	2806830	1599804	1599880	76	76	0	tp:A:S	cm:i:13	s1:i:76	dv:f:0.0049	rl:i:0
QOVW01000067.1	48535	48451	48527	-	contig_1	2806830	1175958	1176034	76	76	0	tp:A:S	cm:i:13	s1:i:76	dv:f:0.0049	rl:i:0
QOVW01000067.1	48535	48451	48527	-	contig_1	2806830	218347	218423	76	76	0	tp:A:S	cm:i:13	s1:i:76	dv:f:0.0049	rl:i:0
QOVW01000019.1	19289	19205	19281	+	contig_1	2806830	1556102	1556178	76	76	0	tp:A:P	cm:i:13	s1:i:76	s2:i:76	dv:f:0.0095	rl:i:0
QOVW01000019.1	19289	19205	19281	-	contig_1	2806830	838891	838967	76	76	0	tp:A:S	cm:i:13	s1:i:76	dv:f:0.0095	rl:i:0
QOVW01000019.1	19289	19205	19281	+	contig_1	2806830	1599804	1599880	76	76	0	tp:A:S	cm:i:13	s1:i:76	dv:f:0.0095	rl:i:0
QOVW01000019.1	19289	19205	19281	-	contig_1	2806830	2222218	2222294	76	76	0	tp:A:S	cm:i:13	s1:i:76	dv:f:0.0095	rl:i:0
QOVW01000019.1	19289	19205	19281	+	contig_1	2806830	1739316	1739392	76	76	0	tp:A:S	cm:i:13	s1:i:76	dv:f:0.0095	rl:i:0
QOVW01000110.1	6764	3	103	-	contig_1	2806830	2400669	2400769	75	100	10	tp:A:P	cm:i:10	s1:i:75	s2:i:69	dv:f:0.0173	rl:i:30
QOVW01000040.1	3761	5	80	+	contig_1	2806830	2288194	2288269	75	75	60	tp:A:P	cm:i:14	s1:i:75	s2:i:0	dv:f:0.0046	rl:i:0
QOVW01000038.1	4573	3	102	-	contig_1	2806830	2427715	2427814	74	99	0	tp:A:P	cm:i:10	s1:i:74	s2:i:74	dv:f:0.0173	rl:i:30
QOVW01000038.1	4573	3	102	-	contig_1	2806830	2221283	2221382	74	99	0	tp:A:S	cm:i:10	s1:i:74	dv:f:0.0173	rl:i:30
QOVW01000038.1	4573	3	100	+	contig_1	2806830	2659790	2659887	72	97	0	tp:A:S	cm:i:9	s1:i:72	dv:f:0.0190	rl:i:30
QOVW01000038.1	4573	3	100	+	contig_1	2806830	2015859	2015956	72	97	0	tp:A:S	cm:i:9	s1:i:72	dv:f:0.0190	rl:i:30
QOVW01000038.1	4573	3	100	-	contig_1	2806830	2340111	2340208	72	97	0	tp:A:S	cm:i:9	s1:i:72	dv:f:0.0190	rl:i:30
QOVW01000038.1	4573	3	100	+	contig_1	2806830	1557014	1557111	72	97	0	tp:A:S	cm:i:9	s1:i:72	dv:f:0.0190	rl:i:30
QOVW01000106.1	9651	8879	9100	+	contig_1	2806830	1673916	1674137	70	221	43	tp:A:P	cm:i:6	s1:i:70	s2:i:0	dv:f:0.0593	rl:i:0
QOVW01000089.1	28259	28172	28241	+	contig_1	2806830	1235743	1235812	69	69	0	tp:A:P	cm:i:10	s1:i:69	s2:i:67	dv:f:0.0121	rl:i:0
QOVW01000034.1	6595	6510	6579	-	contig_1	2806830	806529	806598	69	69	23	tp:A:P	cm:i:11	s1:i:69	s2:i:55	dv:f:0.0111	rl:i:0
QOVW01000114.1	4992	4900	4989	+	contig_1	2806830	299229	299318	68	89	0	tp:A:S	cm:i:7	s1:i:68	dv:f:0.0495	rl:i:0
QOVW01000089.1	28259	28163	28230	-	contig_1	2806830	2790995	2791062	67	67	0	tp:A:S	cm:i:11	s1:i:67	dv:f:0.0111	rl:i:0
QOVW01000033.1	7681	5	69	-	contig_1	2806830	1673976	1674040	64	64	19	tp:A:P	cm:i:10	s1:i:64	s2:i:52	dv:f:0.0121	rl:i:0
QOVW01000115.1	4099	5	69	-	contig_1	2806830	1673976	1674040	64	64	19	tp:A:P	cm:i:10	s1:i:64	s2:i:52	dv:f:0.0063	rl:i:0
QOVW01000012.1	27680	18080	18223	-	contig_1	2806830	2290638	2290780	64	143	39	tp:A:P	cm:i:7	s1:i:64	s2:i:0	dv:f:0.0166	rl:i:43
QOVW01000053.1	1509	1418	1488	+	contig_1	2806830	2622376	2622446	63	70	38	tp:A:P	cm:i:10	s1:i:63	s2:i:0	dv:f:0.0121	rl:i:0
QOVW01000111.1	6723	5401	5730	+	contig_1	2806830	2288350	2288675	60	329	30	tp:A:P	cm:i:6	s1:i:59	s2:i:0	dv:f:0.0740	rl:i:43
QOVW01000034.1	6595	6532	6587	-	contig_1	2806830	2380842	2380897	55	55	0	tp:A:S	cm:i:8	s1:i:55	dv:f:0.0148	rl:i:0
QOVW01000116.1	3362	8	72	-	contig_1	2806830	1632876	1632940	53	64	20	tp:A:P	cm:i:6	s1:i:53	s2:i:0	dv:f:0.0102	rl:i:0
QOVW01000124.1	1197	8	72	-	contig_1	2806830	1632876	1632940	53	64	17	tp:A:P	cm:i:6	s1:i:53	s2:i:0	dv:f:0.0190	rl:i:30
QOVW01000076.1	40915	25	89	-	contig_1	2806830	1632876	1632940	53	64	20	tp:A:P	cm:i:6	s1:i:53	s2:i:0	dv:f:0.0190	rl:i:0
QOVW01000089.1	28259	28165	28230	-	contig_1	2806830	1810056	1810121	53	65	0	tp:A:S	cm:i:6	s1:i:53	dv:f:0.0452	rl:i:0
QOVW01000113.1	5610	4953	5013	-	contig_1	2806830	2393061	2393121	53	60	20	tp:A:P	cm:i:6	s1:i:53	s2:i:0	dv:f:0.0190	rl:i:0
QOVW01000033.1	7681	17	69	+	contig_1	2806830	1633553	1633605	52	52	0	tp:A:S	cm:i:6	s1:i:52	dv:f:0.0190	rl:i:0
QOVW01000035.1	5699	1123	1212	-	contig_1	2806830	1175277	1175366	52	89	0	tp:A:P	cm:i:5	s1:i:52	s2:i:52	dv:f:0.0308	rl:i:19
QOVW01000035.1	5699	1123	1212	+	contig_1	2806830	2395708	2395797	52	89	0	tp:A:S	cm:i:5	s1:i:52	dv:f:0.0308	rl:i:19
QOVW01000035.1	5699	1123	1212	+	contig_1	2806830	1556770	1556859	52	89	0	tp:A:S	cm:i:5	s1:i:52	dv:f:0.0308	rl:i:19
QOVW01000035.1	5699	1123	1212	-	contig_1	2806830	2221537	2221626	52	89	0	tp:A:S	cm:i:5	s1:i:52	dv:f:0.0308	rl:i:19
QOVW01000035.1	5699	1123	1212	-	contig_1	2806830	838210	838299	52	89	0	tp:A:S	cm:i:5	s1:i:52	dv:f:0.0308	rl:i:19
QOVW01000035.1	5699	1123	1212	-	contig_1	2806830	1931981	1932070	52	89	0	tp:A:S	cm:i:5	s1:i:52	dv:f:0.0308	rl:i:19
QOVW01000115.1	4099	17	69	+	contig_1	2806830	1633553	1633605	52	52	0	tp:A:S	cm:i:6	s1:i:52	dv:f:0.0190	rl:i:0
QOVW01000066.1	48539	43	94	+	contig_1	2806830	1636232	1636283	51	51	0	tp:A:P	cm:i:9	s1:i:51	s2:i:51	dv:f:0.0133	rl:i:15
QOVW01000066.1	48539	43	94	+	contig_1	2806830	891878	891929	51	51	0	tp:A:S	cm:i:9	s1:i:51	dv:f:0.0133	rl:i:15
QOVW01000066.1	48539	43	94	-	contig_1	2806830	2475751	2475802	51	51	0	tp:A:S	cm:i:9	s1:i:51	dv:f:0.0133	rl:i:15
QOVW01000066.1	48539	43	94	-	contig_1	2806830	534109	534160	51	51	0	tp:A:S	cm:i:9	s1:i:51	dv:f:0.0133	rl:i:15
QOVW01000066.1	48539	43	94	-	contig_1	2806830	1462263	1462314	51	51	0	tp:A:S	cm:i:9	s1:i:51	dv:f:0.0133	rl:i:15
QOVW01000117.1	2279	739	1734	+	contig_1	2806830	2016209	2017205	51	996	13	tp:A:P	cm:i:4	s1:i:51	s2:i:0	dv:f:0.1346	rl:i:18
QOVW01000047.1	1835	1735	1784	+	contig_1	2806830	1175023	1175072	49	49	0	tp:A:P	cm:i:6	s1:i:49	s2:i:49	dv:f:0.0190	rl:i:30
QOVW01000066.1	48539	43	91	-	contig_1	2806830	2230924	2230972	48	48	0	tp:A:S	cm:i:8	s1:i:48	dv:f:0.0148	rl:i:15
QOVW01000071.1	47026	46928	46975	+	contig_1	2806830	553915	553962	47	47	0	tp:A:P	cm:i:5	s1:i:47	s2:i:47	dv:f:0.0222	rl:i:30
QOVW01000071.1	47026	46928	46975	-	contig_1	2806830	2659840	2659887	47	47	0	tp:A:S	cm:i:5	s1:i:47	dv:f:0.0222	rl:i:30
QOVW01000071.1	47026	46928	46975	-	contig_1	2806830	2396002	2396049	47	47	0	tp:A:S	cm:i:5	s1:i:47	dv:f:0.0222	rl:i:30
QOVW01000071.1	47026	46928	46975	-	contig_1	2806830	1600766	1600813	47	47	0	tp:A:S	cm:i:5	s1:i:47	dv:f:0.0222	rl:i:30
QOVW01000071.1	47026	46928	46975	-	contig_1	2806830	1557064	1557111	47	47	0	tp:A:S	cm:i:5	s1:i:47	dv:f:0.0222	rl:i:30
QOVW01000071.1	47026	46928	46975	+	contig_1	2806830	2221285	2221332	47	47	0	tp:A:S	cm:i:5	s1:i:47	dv:f:0.0222	rl:i:30
QOVW01000101.1	13406	51	95	+	contig_1	2806830	1740278	1740322	44	44	0	tp:A:P	cm:i:5	s1:i:44	s2:i:44	dv:f:0.0222	rl:i:45
QOVW01000101.1	13406	51	95	-	contig_1	2806830	837961	838005	44	44	0	tp:A:S	cm:i:5	s1:i:44	dv:f:0.0222	rl:i:45
QOVW01000101.1	13406	51	95	-	contig_1	2806830	1175028	1175072	44	44	0	tp:A:S	cm:i:5	s1:i:44	dv:f:0.0222	rl:i:45
QOVW01000101.1	13406	51	95	-	contig_1	2806830	2400675	2400719	44	44	0	tp:A:S	cm:i:5	s1:i:44	dv:f:0.0222	rl:i:45
QOVW01000115.1	4099	1713	1755	+	contig_1	2806830	1384835	1384877	42	42	2	tp:A:P	cm:i:5	s1:i:42	s2:i:0	dv:f:0.0222	rl:i:0
QOVW01000076.1	40915	2268	2308	-	contig_1	2806830	1673988	1674028	40	40	0	tp:A:P	cm:i:4	s1:i:40	s2:i:40	dv:f:0.0267	rl:i:0
QOVW01000068.1	47842	47186	47232	+	contig_1	2806830	2175767	2175813	40	46	0	tp:A:P	cm:i:3	s1:i:40	s2:i:0	dv:f:0.0335	rl:i:0
